Question,Good_answer,Suggested_answer_1,Suggested_answer_2,Suggested_answer_3,,Level,Subthemes,Category,Quizz_ordering
Un film produit à bollywood est ?,indien ,burkinabé,australien,japonais,,1,Culture G #1,culture générale,1
"Avec ""Ben Hur"" et ""Titanic"", quel est le troisième film à avoir remporté le plus grand nombre de statuettes, à savoir 11 ?",Seigneur des Anneaux: Le Retour du Roi,West side Story,Le dernier empereur,Le patient anglais,,1,Culture G #1,culture générale,1
Quelle actrice a remporté le plus d'oscars ?,Katharine Hepburn,Meryl Streep,Bette Davis,Ingrid Bergman,,1,Culture G #1,culture générale,1
"En quelle année, les Oscars du cinéma ont-ils été créés ?",1929,1934,1956,1952,,1,Culture G #1,culture générale,1
"Avec Willian Wyler, quel réalisateur a remporté le plus de statuettes ?",Frank Capra,Clint Eastwood,Francis Ford Coppola,Robert Wise,,1,Culture G #1,culture générale,1
Qui a inventé le cinema ?,Frere lumière,Thomas Edison,Nikola Tesla,Alfred Nobel,,1,Culture G #1,culture générale,1
"Quel est le film d'animation,  Walt Disney Animation Studios, premier au box office mondial (plus grande recette) ?",Le Roi Lion,La reine des neiges 2,Zootopie,Raiponce,,1,Culture G #1,culture générale,1
Qui a composé la musique du seigneur des anneaux ?,Howard Shore,James Horner,Hans Zimmer,John Williams,,1,Culture G #1,culture générale,1
Quel fut le premier dessin animé de Walt Disney ?,Blanche-Neige et les Sept Nains,Pinocchio,Fantasia,Bambi,,1,Culture G #1,culture générale,1
Quelle bande d'humoristes jouent dans La cité de la peur ?,Les nuls,Les incconus,Le splendid,Le Velcrou,,1,Culture G #1,culture générale,1
Quel acteur a remporté le plus de fois l'oscar du meilleur acteur ?,Daniel Day-Lewis,Marlon Brando,Jack Nicholson,Fredric March,,1,Culture G #1,culture générale,2
Quelle est la première actrice française a remporté l’Oscar de la meilleure actrice ?,Claudette Colbert,Simone Signoret,Isabelle Adjani,Marion Cotillard,,1,Culture G #1,culture générale,2
"En quelle année, les Césars du cinéma ont-ils été créés ?",1976,1954,1937,1965,,1,Culture G #1,culture générale,2
"Avec Cyrano de Bergerac, quel est l’autre film qui a obtenu 10 Césars ?",Le Dernier Métro,Un prohète,De battre mon coeur s'est arrêté,Providence,,1,Culture G #1,culture générale,2
Quel film de Quentin Tarantino sorti au mois d’août 2009 avec Mélanie Laurent et Brad Pitt ?,Inglourious Basterds,Django Unchained,: Boulevard de la mort,Kill Bill : Volume 2,,1,Culture G #1,culture générale,2
Qui a composé la musique du film  Titanic ?,James Horner,Ennio Morricone,Hans Zimmer,John Williams,,1,Culture G #1,culture générale,2
Quel enfant a recu un cachet de 8 millions de dollars pour le film Maman j'ai encore raté l'avion ?,Macaulay Culkin,Jake Lloyd,Haley Joel Osment,Danny Lloyd,,1,Culture G #1,culture générale,2
En quelle année fut inventé le cinématographe ?,1895,1873,1907,1883,,1,Culture G #1,culture générale,2
"Dans Titanic, quel est le bijou qui est jeté dans l'eau ?",Le bleu de l'ocean,L'étoile des mers,Le ruby de la liberté,Le collier des glaces,,1,Culture G #1,culture générale,2
Combien de films Star Wars ont été réalisés par Georges Lucas ?,4,5,6,7,,1,Culture G #1,culture générale,2
"Avec 5 césars, quelle actrice a été le plus de fois récompensée par un César ?",Isabelle Adjani,Nathalie Baye,Isabelle Huppert,Catherine Deneuve,,1,Culture G #1,culture générale,3
Quel est le seul acteur a avoir reçu 3 fois le césars du meilleur acteur ?,Michel Serrault,Gérard Depardieu,Philippe Noiret,Daniel Auteuil,,1,Culture G #1,culture générale,3
Combien d'oscars chacun ont réçu les 2 réalisateurs (Willian Wyler et Frank Capra) les plus récompensés ?,3,4,5,6,,1,Culture G #1,culture générale,3
"Avec Saul Zaentz, qui est le seul autre producteur a avoir reçu 3 oscars ?",Sam Spiegel,Steven Spielberg,Clint Eastwood,John Ford,,1,Culture G #1,culture générale,3
Quel est le plus gros succès francais au box office mondiale,Lucy,Intouchables,Taken 2,Le 5e élement,,1,Culture G #1,culture générale,3
Quel est l'acteur qui a incarné le plus de fois (7) James Bond ?,Roger Moore,Sean Connery,Pierce Brosnan,Daniel Craig,,1,Culture G #1,culture générale,3
Qui a composé la musique du film  Gladiator ?,Hans Zimmer,John Williams,James Horner,Howard Shore,,1,Culture G #1,culture générale,3
"Dans retour vers le futur, quelle est la voiture utilisée pour voyager dans le temps ?",De Lorean,Lotus,Mustang,Aston Martin,,1,Culture G #1,culture générale,3
En quelle année Anne Frank commence-t-elle à écrire son journal ?,1942,1917,1956,1875,,1,Culture G #1,culture générale,3
Quel est la franchise de cinéma ayant réalisé le plus de recette (27 milliards $) ?,Marvel,Star Wars,Spider-Man,James Bond,,1,Culture G #1,culture générale,3
Quel film a remporté l'oscar du meilleur film en 2010 ?,Démineurs,Avatar,The Blind Side,District 9,,1,Oscar 1990-2022,Oscar meilleur film,1
Quel film a remporté l'oscar du meilleur film en 2011 ?,Le Discours d'un roi,127 heures,Black Swan,Fighter,,1,Oscar 1990-2022,Oscar meilleur film,1
Quel film a remporté l'oscar du meilleur film en 2012 ?,The Artist,The Descendants,Extrêmement fort et incroyablement près,La Couleur des sentiments,,1,Oscar 1990-2022,Oscar meilleur film,1
Quel film a remporté l'oscar du meilleur film en 2013 ?,Argo,Amour,Les Bêtes du sud sauvage,Django Unchained,,1,Oscar 1990-2022,Oscar meilleur film,1
Quel film a remporté l'oscar du meilleur film en 2014 ?,Twelve Years a Slave,American Bluff,Capitaine Phillips,Dallas Buyers Club,,1,Oscar 1990-2022,Oscar meilleur film,1
Quel film a remporté l'oscar du meilleur film en 2015 ?,Birdman,American Sniper,Boyhood,The Grand Budapest Hotel,,1,Oscar 1990-2022,Oscar meilleur film,1
Quel film a remporté l'oscar du meilleur film en 2016 ?,Spotlight,The Big Short - Le Casse du siècle,Brooklyn,Mad Max- Fury Road,,1,Oscar 1990-2022,Oscar meilleur film,1
Quel film a remporté l'oscar du meilleur film en 2017 ?,Moonlight,Comancheria,Fences,Les Figures de l'ombre,,1,Oscar 1990-2022,Oscar meilleur film,1
Quel film a remporté l'oscar du meilleur film en 2018 ?,La Forme de l'eau,Call Me by Your Name,Les Heures sombres,Dunkerque,,1,Oscar 1990-2022,Oscar meilleur film,1
Quel film a remporté l'oscar du meilleur film en 2019 ?,Green Book,Black Panther,BlacKkKlansman,Bohemian Rhapsody,,1,Oscar 1990-2022,Oscar meilleur film,1
Quel film a remporté l'oscar du meilleur film en 2020 ?,Parasite,Le Mans 66,The Irishman,Jojo Rabbit,,1,Oscar 1990-2022,Oscar meilleur film,1
Quel film a remporté l'oscar du meilleur film en 2021 ?,Nomadland,The Father,Judas and the Black Messiah,Mank,,1,Oscar 1990-2022,Oscar meilleur film,1
Quel film a remporté l'oscar du meilleur film en 2022 ?,Coda,Belfast,Don't Look Up - Déni cosmique,Drive My Car,,1,Oscar 1990-2022,Oscar meilleur film,1
Quel film a remporté l'oscar du meilleur film en 2000 ?,American Beauty,"L'Œuvre de Dieu, la part du Diable",La Ligne verte,Révélations,,1,Oscar 1990-2022,Oscar meilleur film,2
Quel film a remporté l'oscar du meilleur film en 2001 ?,Gladiator,Le Chocolat,"Erin Brockovich, seule contre tous",Tigre et Dragon,,1,Oscar 1990-2022,Oscar meilleur film,2
Quel film a remporté l'oscar du meilleur film en 2002 ?,Un homme d'exception,Gosford Park,In the Bedroom,Moulin Rouge,,1,Oscar 1990-2022,Oscar meilleur film,2
Quel film a remporté l'oscar du meilleur film en 2003 ?,Chicago,Gangs of New York,The Hours,Le Pianiste,,1,Oscar 1990-2022,Oscar meilleur film,2
Quel film a remporté l'oscar du meilleur film en 2004 ?,Le Seigneur des anneaux - Le Retour du roi,Lost in Translation,Master and Commander - De l'autre côté du monde,Mystic River,,1,Oscar 1990-2022,Oscar meilleur film,2
Quel film a remporté l'oscar du meilleur film en 2005 ?,Million Dollar Baby,Aviator,Neverland,Ray,,1,Oscar 1990-2022,Oscar meilleur film,2
Quel film a remporté l'oscar du meilleur film en 2006 ?,Collision,Good Night and Good Luck,Munich,Le Secret de Brokeback Mountain,,1,Oscar 1990-2022,Oscar meilleur film,2
Quel film a remporté l'oscar du meilleur film en 2007 ?,Les Infiltrés,Babel,Lettres d'Iwo Jima,Little Miss Sunshine,,1,Oscar 1990-2022,Oscar meilleur film,2
Quel film a remporté l'oscar du meilleur film en 2008 ?,No Country for Old Men,Juno,Michael Clayton,Reviens-moi,,1,Oscar 1990-2022,Oscar meilleur film,2
Quel film a remporté l'oscar du meilleur film en 2009 ?,Slumdog Millionaire,L'Étrange Histoire de Benjamin Button,"Frost/Nixon, l'heure de vérité",Harvey Milk,,1,Oscar 1990-2022,Oscar meilleur film,2
Quel film a remporté l'oscar du meilleur film en 1990 ?,Miss Daisy et son chauffeur,Le Cercle des poètes disparus,Jusqu'au bout du rêve,My Left Foot,,1,Oscar 1990-2022,Oscar meilleur film,3
Quel film a remporté l'oscar du meilleur film en 1991 ?,Danse avec les loups,Les Affranchis,L'Éveil,Ghost,,1,Oscar 1990-2022,Oscar meilleur film,3
Quel film a remporté l'oscar du meilleur film en 1992 ?,Le Silence des agneaux,La Belle et la Bête,Bugsy,JFK,,1,Oscar 1990-2022,Oscar meilleur film,3
Quel film a remporté l'oscar du meilleur film en 1993 ?,Impitoyable,The Crying Game,Des hommes d'honneur,Retour à Howards End,,1,Oscar 1990-2022,Oscar meilleur film,3
Quel film a remporté l'oscar du meilleur film en 1994 ?,La Liste de Schindler,Au nom du père,Le Fugitif,La Leçon de piano,,1,Oscar 1990-2022,Oscar meilleur film,3
Quel film a remporté l'oscar du meilleur film en 1995 ?,Forrest Gump,Les Évadés,Pulp Fiction,Quatre mariages et un enterrement,,1,Oscar 1990-2022,Oscar meilleur film,3
Quel film a remporté l'oscar du meilleur film en 1996 ?,Braveheart,Apollo 13,"Babe, le cochon devenu berger",Le Facteur,,1,Oscar 1990-2022,Oscar meilleur film,3
Quel film a remporté l'oscar du meilleur film en 1997 ?,Le Patient anglais,Fargo,Jerry Maguire,Secrets et Mensonges,,1,Oscar 1990-2022,Oscar meilleur film,3
Quel film a remporté l'oscar du meilleur film en 1998 ?,Titanic,The Full Monty,L.A. Confidential,Pour le pire et pour le meilleur,,1,Oscar 1990-2022,Oscar meilleur film,3
Quel film a remporté l'oscar du meilleur film en 1999 ?,Shakespeare in Love,Elizabeth,Il faut sauver le soldat Ryan,La Ligne rouge,,1,Oscar 1990-2022,Oscar meilleur film,3
Qui prononce cette phrase dans le film Fight Club « Les choses que l’on possède finissent par nous posséder » ?,brad pitt,Edward Norton,Tom Cruise,Jared Leto,,2,Culture G #2,culture générale,1
Dans quel film de Tarantino entend-on cette réplique « C’est à une demi-heure d’ici. J’y suis dans dix minutes » ?,Pulp fiction,Reservoir dogs,django,kill bill,,2,Culture G #2,culture générale,1
"Avec un cout de 398 millions de dollars, quel est le film le plus cher de l'histoire ?",Pirates des Caraïbes : La Fontaine de Jouvence,Avengers: Endgame,Avengers: Infinity War,Spider-Man 3,,2,Culture G #2,culture générale,1
Ou habite Amelie Poulain ?,Montmartre,Montparnasse,Montorgeuil,Mont Saint Michel,,2,Culture G #2,culture générale,1
Pour quel film Marilyn Monroe décrocha le Golden Globe de la meilleure actrice en 1960 ?,Certains l'aiment chaud,Le Prince et la Danseuse,Les hommes préfèrent les blondes,Sept ans de réflexion,,2,Culture G #2,culture générale,1
"Dans quel film peut-on entendre la célèbre réplique : ""Les cons ça ose tout ! C’est même à ça qu’on les reconnaît"" ?",Les tontons flingueurs,Flic ou voyou,Fantomas,Les Barbouzes,,2,Culture G #2,culture générale,1
"Quels mots Charles Foster Kane prononce-t-il avant de mourir dans ""Citizen Kane"" ?",Bouton de rose,Adieu,Kane je t'aime,Pour l'honneur,,2,Culture G #2,culture générale,1
Dans quel film entend-on cette réplique « J’adore l’odeur du napalm au petit matin » ?,Apocalypse Now,Il fau sauver le soldat Ryan,Full Metal Jacket,Voyage au bout de l'enfer,,2,Culture G #2,culture générale,1
Quel événement a marqué la cérémonie des Oscar en 2000 ?,Vol des oscars,Erreur sur l'oscar du meilleur acteur,Le malaise du presentateur,La gifle de Will Smith,,2,Culture G #2,culture générale,1
Quel acteur refuse de venir chercher son Oscar en guise de protestation contre le sort réservé aux Indiens d’Amérique du Nord ?,Marlon Brando,Al Pacino,Robert de Niro,Jack Nicholson,,2,Culture G #2,culture générale,1
Quel film a obtenu le tout premier César du meilleur film ?,Le Vieux Fusil,Le Dernier Métro,Monsieur Klein,La Balance,,2,Culture G #2,culture générale,2
Pour quel film Coluche a-t-il obtenu le César du meilleur acteur en 1984 ?,TCHAO PANTIN,L'Aile ou la Cuisse,Inspecteur la Bavure,Le Maître d'école,,2,Culture G #2,culture générale,2
Pour quel film Catherine Deneuve a-t-elle obtenu le César de la meilleure actrice en 1993 ?,Indochine,Le petit prince a dit,Un cœur en hiver,Le Zèbre,,2,Culture G #2,culture générale,2
Comment s’appelle le héros de nombreux films de Francis Weber ?,François Pignon,François Perrin,Stephane dupont,henri dupont,,2,Culture G #2,culture générale,2
"Dans combien de films, Pierce Brosnan a-t-il interprété James Bond, l’Agent 007 ?",4,3,5,2,,2,Culture G #2,culture générale,2
Qui a obtenu la Palme d’Or à Cannes en 2009 ?,Le Ruban Blanc,La Vie d'Adèle,Entre les murs,Le vent se lève,,2,Culture G #2,culture générale,2
"Dans quel film d'animation de Hayao Miyazaki, le petit Sosuke découvre-t-il une petite fille poisson rouge ?",PONYO SUR LA FALAISE,Le Vent se lève,Le Voyage de Chihiro,Princesse Mononoké,,2,Culture G #2,culture générale,2
Quel est le film qui a obtenu le plus grand nombre d'entrées en France ?,Titanic,Bienvenue chez les Ch'tis,Intouchables,Avatar,,2,Culture G #2,culture générale,2
"Quel est le genre du film ""West Side Story"" ?",Musical,western,fantastique,catastrophe,,2,Culture G #2,culture générale,2
Comment s'appelle la population autochtone de Pandora dans Avatar ?,Na'vi,Wasaï,Mambok,jaca're,,2,Culture G #2,culture générale,2
Dans quel film la robe de Marilyn Monroe se soulève-t-elle en passant sur une aération du métro ?,Sept Ans de réflexion,Certains l'aiment chaud !,Les hommes préfèrent les blondes,Rivière sans retour,,2,Culture G #2,culture générale,3
"Dans Dikkenek, qui est le dikkenek ?",JC,Step,Claudy,Greg,,2,Culture G #2,culture générale,3
Comment s'appelait les salles de cinéma au début ?,nickelodeons,lumièrodromes,projectivores,cinema,,2,Culture G #2,culture générale,3
Qui a compsé la musique de La liste de Schindler ?,John Williams,Ennio Morricone,James Horner,Howard Shore,,2,Culture G #2,culture générale,3
Quel est le nom du petit garçon dans E.T. l'extra-terrestre ?,Elliott,David,Thomas,Pierre,,2,Culture G #2,culture générale,3
Comment s'appellent les cavaliers du Rohan ?,Rohirrim,Dunedains,Edains,Oriantaux,,2,Culture G #2,culture générale,3
"De quel film est tirée cette réplique ""« Leilou Dallas, multipass. Muultiipaass ! »""?",Le 5e élement,Leon,Nikita,Lucy,,2,Culture G #2,culture générale,3
"De quel joureur d'echecs, Le prodige, film de 2016, raconte-t-il l'histoire ?",Bobby Fisher,Boris Spassky,Gary Kasparov,Magnus Carlsen,,2,Culture G #2,culture générale,3
Quel est la discipline Olympique mise en lumière dans le film Rasta Rocket ?,Bobsleigh,Patinage de vitesse,Patinage artistique,Luge,,2,Culture G #2,culture générale,3
Quel est le plus gros succès au box office mondiale ? (recettes),Autant en emporte le vent,Avatar,Titanic,"Star Wars, épisode IV : Un nouvel espoir",Note : inflation prise en compte,2,Culture G #2,culture générale,3
Quel film a remporté l'oscar du meilleur film en 1980 ?,Kramer contre Kramer,Apocalypse Now,La Bande des quatre,Norma Rae,,2,Oscar 1960-1989,Oscar meilleur film,1
Quel film a remporté l'oscar du meilleur film en 1981 ?,Des gens comme les autres,Elephant Man,Nashville Lady,Raging Bull,,2,Oscar 1960-1989,Oscar meilleur film,1
Quel film a remporté l'oscar du meilleur film en 1982 ?,Les Chariots de feu,Atlantic City,Les Aventuriers de l'arche perdue,La Maison du lac,,2,Oscar 1960-1989,Oscar meilleur film,1
Quel film a remporté l'oscar du meilleur film en 1983 ?,Gandhi,E.T. l'extra-terrestre,Missing,Tootsie,,2,Oscar 1960-1989,Oscar meilleur film,1
Quel film a remporté l'oscar du meilleur film en 1984 ?,Tendres Passions,Les Copains d'abord,L'Étoffe des héros,L'Habilleur,,2,Oscar 1960-1989,Oscar meilleur film,1
Quel film a remporté l'oscar du meilleur film en 1985 ?,Amadeus,A Soldier's Story,La Déchirure,La Route des Indes,,2,Oscar 1960-1989,Oscar meilleur film,1
Quel film a remporté l'oscar du meilleur film en 1986 ?,Out of Africa,Le Baiser de la femme araignée,La Couleur pourpre,L'Honneur des Prizzi,,2,Oscar 1960-1989,Oscar meilleur film,1
Quel film a remporté l'oscar du meilleur film en 1987 ?,Platoon,Chambre avec vue,Les Enfants du silence,Hannah et ses sœurs,,2,Oscar 1960-1989,Oscar meilleur film,1
Quel film a remporté l'oscar du meilleur film en 1988 ?,Le Dernier Empereur,Broadcast News,Éclair de lune,Hope and Glory,,2,Oscar 1960-1989,Oscar meilleur film,1
Quel film a remporté l'oscar du meilleur film en 1989 ?,Rain Man,Les Liaisons dangereuses,Mississippi Burning,Voyageur malgré lui,,2,Oscar 1960-1989,Oscar meilleur film,1
Quel film a remporté l'oscar du meilleur film en 1970 ?,Macadam Cowboy,Anne des mille jours,Butch Cassidy et le Kid,"Hello, Dolly !",,2,Oscar 1960-1989,Oscar meilleur film,2
Quel film a remporté l'oscar du meilleur film en 1971 ?,Patton,Airport,Cinq pièces faciles,Love Story,,2,Oscar 1960-1989,Oscar meilleur film,2
Quel film a remporté l'oscar du meilleur film en 1972 ?,French Connection,La Dernière Séance,Nicolas et Alexandra,Orange mécanique,,2,Oscar 1960-1989,Oscar meilleur film,2
Quel film a remporté l'oscar du meilleur film en 1973 ?,Le Parrain,Cabaret,Délivrance,Les Émigrants,,2,Oscar 1960-1989,Oscar meilleur film,2
Quel film a remporté l'oscar du meilleur film en 1974 ?,L'Arnaque,American GraffitiGeorge Lucas,Cris et Chuchotements,L'Exorciste,,2,Oscar 1960-1989,Oscar meilleur film,2
Quel film a remporté l'oscar du meilleur film en 1975 ?,Le Parrain 2,Chinatown,Conversation secrète,Lenny,,2,Oscar 1960-1989,Oscar meilleur film,2
Quel film a remporté l'oscar du meilleur film en 1976 ?,Vol au-dessus d'un nid de coucou,Barry Lyndon,Les Dents de la mer,Nashville,,2,Oscar 1960-1989,Oscar meilleur film,2
Quel film a remporté l'oscar du meilleur film en 1977 ?,Rocky,En route pour la gloire,Les Hommes du président,Network - Main basse sur la télévision,,2,Oscar 1960-1989,Oscar meilleur film,2
Quel film a remporté l'oscar du meilleur film en 1978 ?,Annie Hall,Julia,Star Wars,"Adieu, je reste",,2,Oscar 1960-1989,Oscar meilleur film,2
Quel film a remporté l'oscar du meilleur film en 1979 ?,Voyage au bout de l'enfer,Le ciel peut attendre,Une femme libre,Midnight Express,,2,Oscar 1960-1989,Oscar meilleur film,2
Quel film a remporté l'oscar du meilleur film en 1960 ?,Ben-Hur,Au risque de se perdre,Autopsie d'un meurtre,Les Chemins de la haute ville,,2,Oscar 1960-1989,Oscar meilleur film,3
Quel film a remporté l'oscar du meilleur film en 1961 ?,La Garçonnière,Alamo,Amants et Fils,Elmer Gantry le charlatan,,2,Oscar 1960-1989,Oscar meilleur film,3
Quel film a remporté l'oscar du meilleur film en 1962 ?,West Side Story,L'Arnaqueur,Les Canons de Navarone,Fanny,,2,Oscar 1960-1989,Oscar meilleur film,3
Quel film a remporté l'oscar du meilleur film en 1963 ?,Lawrence d'Arabie,Du silence et des ombres,Le Jour le plus long,The Music ManMeredith Willson,,2,Oscar 1960-1989,Oscar meilleur film,3
Quel film a remporté l'oscar du meilleur film en 1964 ?,Tom Jones,"America, America",Cléopâtre,La Conquête de l'Ouest,,2,Oscar 1960-1989,Oscar meilleur film,3
Quel film a remporté l'oscar du meilleur film en 1965 ?,My Fair Lady,Becket,Docteur Folamour,Mary Poppins,,2,Oscar 1960-1989,Oscar meilleur film,3
Quel film a remporté l'oscar du meilleur film en 1966 ?,La Mélodie du bonheur,Darling,Des clowns par milliers,Le Docteur Jivago,,2,Oscar 1960-1989,Oscar meilleur film,3
Quel film a remporté l'oscar du meilleur film en 1967 ?,Un homme pour l'éternité,Alfie le dragueur,La Canonnière du Yang-Tse,Qui a peur de Virginia Woolf ?,,2,Oscar 1960-1989,Oscar meilleur film,3
Quel film a remporté l'oscar du meilleur film en 1968 ?,Dans la chaleur de la nuit,Bonnie et Clyde,Devine qui vient dîner ?,L'Extravagant Docteur Dolittle,,2,Oscar 1960-1989,Oscar meilleur film,3
Quel film a remporté l'oscar du meilleur film en 1969 ?,Oliver !,Funny Girl,Le Lion en hiver,"Rachel, Rachel",,2,Oscar 1960-1989,Oscar meilleur film,3
"Quelle actrice a trébuché lors de la cérémonie Cesar, tombant dans les bras d’Orson Welles ?",Simone Signoret,Romy Schneider,Annie Girardot,Catherine Deneuve,,3,Culture G #3,culture générale,1
"Lors des Césars 2005, quelle actrice est parodiée par Gad Elmaleh et Will Smith ?",Isabelle Adjani,Claudette Colbert,Simone Signoret,Romy Schneider,,3,Culture G #3,culture générale,1
"Aux Césars 1991, quelle actrice s'est trompée en annonçant le nom de la lauréate du César de la meilleure actrice ?",VANESSA PARADIS,Judith Henry,Judith Godrèche,Catherine Deneuve,,3,Culture G #3,culture générale,1
Qui interprete Natalia Simonova dans Goldeneye ?,Izabella Scorupco,Michelle Yeoh,Sophie Marceau,Halle Berry,,3,Culture G #3,culture générale,1
Quel est le premier film muet à remporter l’Oscar du meilleur film (2012) ?,Les Ailes,The Artist,Les temps moderne,Metropolis,,3,Culture G #3,culture générale,1
"""Autant en emporte le vent"" nous montre un incendie spectaculaire pendant la guerre de Sécession. Quelle ville brûle ?",Atlanta,Denver,Columbia,Boston,,3,Culture G #3,culture générale,1
"Dans V for Vendetta, de quel personnage historique est inspiré le masque ?",Guy Fawkes,David Lloyd,George Town,Alan Moore,,3,Culture G #3,culture générale,1
Par quel franchise de cinéma a été réalisé Batman v Superman : L'aube de la justice,DC,Batman,Spider-Man,Marvel,,3,Culture G #3,culture générale,1
Qui a réalisé le film original dont De Palma s'est inspiré pour réaliser Scarface ?,Howard Hawks,Richard Rosson,Howard Hughes,John Lee Mahin,,3,Culture G #3,culture générale,1
"En quelle année, Différent des autres, premier film à aborder le thème de l'homasexualité est sorti ?",1919,1934,1956,1970,,3,Culture G #3,culture générale,1
Quel est le rapport entre l'acteur qui interprète Voldemort adulte et l'acteur qui l’interprète à 11 ans dans le Prince de Sang Mêlée ? ,Père et fils,Grand père et petit fils,Oncle et neveu,Cousins,,3,Culture G #3,culture générale,2
Qui a composé la musique du film Le bon la brute et le truand ?,Ennio Morricone,Hans Zimmer,John Williams,Howard Shore,,3,Culture G #3,culture générale,2
Qui a composé la musique du film  Braveheart ?,James Horner,Ennio Morricone,Hans Zimmer,John Williams,,3,Culture G #3,culture générale,2
Qui a refusé le César du meilleur acteur en 1989 ?,Jean-Paul-Belmondo,Gérard Depardieu,Alain Delon,Coluche,,3,Culture G #3,culture générale,2
"Dans ""Le Fabuleux Destin d'Amélie Poulain"", quel objet insolite va faire le tour du monde ?",Nain de jardin,Un epouventail,Un arrosoir,un tapis de sol,,3,Culture G #3,culture générale,2
Quel film considère-t-on traditionnellement comme étant le premier film parlant ?,Le chanteur de jazz,Le kid,Les Aile,La ruée vers l'or,,3,Culture G #3,culture générale,2
En quelle année le premier film en technicolore 'Becky Sharp' est-il sorti ?,1935,1941,1947,1929,,3,Culture G #3,culture générale,2
Quel est le film considéré comme le premier au monde et réalisé par les frères Lumière ?,Arrivée d’un train en gare de La Ciotat,La Sortie de l'usine Lumière à Lyon,La Voltige,La Pêche aux poissons rouges,,3,Culture G #3,culture générale,2
"Ce film de 1929, signé Luis Bunuel et Salvador Dali, d'une durée de 17 mnn, passe pour le chef-d'½uvre du cinéma surréaliste :",Un chien andalou,"La Coquille et le Clergyman,",Le Sang d'un poète,"(Le Fantôme de la liberté,",,3,Culture G #3,culture générale,2
Realisateur le plus lucratif (recettes totales) ?,Steven Spielberg,Peter Jackson,Michael Bay,James Cameron,,3,Culture G #3,culture générale,2
Quel est le film le plus cher jamais produit (inflation prise en compte) ?,Pirates des Caraïbes : Jusqu'au bout du monde,Cléopâtre,Avengers: Endgame,Spider-Man 3,,3,Culture G #3,culture générale,3
Quel est le nom du valet muet mais pas sourd de « Zorro » ?,don Diego,don Pablo,don vitelo,don corleone,,3,Culture G #3,culture générale,3
Quel est le véritable nom de Marylin Monroe ?,Norma Jean Baker,Grace Kelly,Mary McLeod,Angelica Evans Conway,,3,Culture G #3,culture générale,3
En quelle année est créé le personnage de Batman ?,1939,1932,1941,1949,,3,Culture G #3,culture générale,3
"Avec qui Sylvester Stallone joue dans la comédie musicale ""Le vainqueur"" de 1984 ?",Dolly Parton,Loretta Lynn,Miranda Lambert,Linda Ronstadt,,3,Culture G #3,culture générale,3
Quel est le film avec le plus grand nombre de figurant (300 000) ?,Gandhi,Le géant de la steppe,Intolérance,Le Seigneur des Anneaux-Les Deux Tours,,3,Culture G #3,culture générale,3
Quel est l'acteur le plus vieux à avoir reçu l'oscar du meilleur acteur à 83 ans ?,Anthony Hopkins,Jack Nicholson,Jack Lemmon,Daniel Day-Lewis,,3,Culture G #3,culture générale,3
"En 2019, il y a eu 213 millions d'entrée en france au cinéma, d'environ combien se chiffre à t'il été divisé en 2020 ? ",3,2,4,5,,3,Culture G #3,culture générale,3
Quelle a été la première adaptation au cinéma d'un roman de Stephen King ?,Carrie au bal du diable,Shining,Peur bleue,Creepshow,,3,Culture G #3,culture générale,3
"Pendant la période 1995-2002 pendant laquelle il incarnait James Bond, qu'était contractuellement interdit de faire Pierce Brosnan dans un autre film ?",Porter un smoking,commander un martini,jouer avec une ex-James Bond Girl,Utiliser un pistolet,,3,Culture G #3,culture générale,3
Quel film a remporté l'oscar du meilleur film en 1950 ?,Les Fous du roi,Bastogne,Chaînes conjugales,L'Héritière,,3,Oscar<1960,Oscar meilleur film,1
Quel film a remporté l'oscar du meilleur film en 1951 ?,Ève,Boulevard du crépuscule,Comment l'esprit vient aux femmes,Les Mines du roi Salomon,,3,Oscar<1960,Oscar meilleur film,1
Quel film a remporté l'oscar du meilleur film en 1952 ?,Un Américain à Paris,Quo Vadis,Le Traître,Un tramway nommé Désir,,3,Oscar<1960,Oscar meilleur film,1
Quel film a remporté l'oscar du meilleur film en 1953 ?,Sous le plus grand chapiteau du monde,L'Homme tranquille,Ivanhoé,Moulin Rouge,,3,Oscar<1960,Oscar meilleur film,1
Quel film a remporté l'oscar du meilleur film en 1954 ?,Tant qu'il y aura des hommes,L'Homme des vallées perdues,Jules César,La Tunique,,3,Oscar<1960,Oscar meilleur film,1
Quel film a remporté l'oscar du meilleur film en 1955 ?,Sur les quais,La Fontaine des amours,Ouragan sur le Caine,Les Sept Femmes de Barbe-Rousse,,3,Oscar<1960,Oscar meilleur film,1
Quel film a remporté l'oscar du meilleur film en 1956 ?,Marty,La Colline de l'adieu,Permission jusqu'à l'aube,Picnic,,3,Oscar<1960,Oscar meilleur film,1
Quel film a remporté l'oscar du meilleur film en 1957 ?,Le Tour du monde en quatre-vingts jours,Les Dix Commandements,Géant,La Loi du Seigneur,,3,Oscar<1960,Oscar meilleur film,1
Quel film a remporté l'oscar du meilleur film en 1958 ?,Le Pont de la rivière Kwaï,Douze hommes en colère,Les Plaisirs de l'enfer,Sayonara,,3,Oscar<1960,Oscar meilleur film,1
Quel film a remporté l'oscar du meilleur film en 1959 ?,Gigi,La Chaîne,La Chatte sur un toit brûlant,Ma tante,,3,Oscar<1960,Oscar meilleur film,1
Quel film a remporté l'oscar du meilleur film en 1940 ?,Autant en emporte le vent,Au revoir Mr. Chips,La Chevauchée fantastique,Des souris et des hommes,,3,Oscar<1960,Oscar meilleur film,2
Quel film a remporté l'oscar du meilleur film en 1941 ?,Rebecca,Correspondant 17,Le Dictateur,L'Étrangère,,3,Oscar<1960,Oscar meilleur film,2
Quel film a remporté l'oscar du meilleur film en 1942 ?,Qu'elle était verte ma vallée,Citizen Kane,Le Défunt récalcitrant,Le Faucon maltais,,3,Oscar<1960,Oscar meilleur film,2
Quel film a remporté l'oscar du meilleur film en 1943 ?,Madame Miniver,49e Parallèle,Crimes sans châtiment,La Glorieuse Parade,,3,Oscar<1960,Oscar meilleur film,2
Quel film a remporté l'oscar du meilleur film en 1944 ?,Casablanca,Ceux qui servent en mer,Le Chant de Bernadette,Le ciel peut attendre,,3,Oscar<1960,Oscar meilleur film,2
Quel film a remporté l'oscar du meilleur film en 1945 ?,La Route semée d'étoiles,Assurance sur la mort,Depuis ton départ,Hantise,,3,Oscar<1960,Oscar meilleur film,2
Quel film a remporté l'oscar du meilleur film en 1946 ?,Le Poison,Les Cloches de Sainte-Marie,Escale à Hollywood,La Maison du docteur Edwardes,,3,Oscar<1960,Oscar meilleur film,2
Quel film a remporté l'oscar du meilleur film en 1947 ?,Les Plus Belles Années de notre vie,Le Fil du rasoir,Henry V,Jody et le Faon,,3,Oscar<1960,Oscar meilleur film,2
Quel film a remporté l'oscar du meilleur film en 1948 ?,Le Mur invisible,Feux croisés,Les Grandes Espérances,Honni soit qui mal y pense,,3,Oscar<1960,Oscar meilleur film,2
Quel film a remporté l'oscar du meilleur film en 1949 ?,Hamlet,Johnny Belinda,Les Chaussons rouges,La Fosse aux serpents,,3,Oscar<1960,Oscar meilleur film,2
Quel film a remporté l'oscar du meilleur film en 1929 ?,Les Ailes,L'Heure suprême,The Racket,,,3,Oscar<1960,Oscar meilleur film,3
Quel film a remporté l'oscar du meilleur film en 1930 ?,"À l'Ouest, rien de nouveau",Disraeli,Parade d'amour,Big House,,3,Oscar<1960,Oscar meilleur film,3
Quel film a remporté l'oscar du meilleur film en 1931 ?,La Ruée vers l'Ouest,Trader Horn,East Lynne,The Front Page,,3,Oscar<1960,Oscar meilleur film,3
Quel film a remporté l'oscar du meilleur film en 1932 ?,Grand Hotel,Arrowsmith,Bad Girl,Le Champion,,3,Oscar<1960,Oscar meilleur film,3
Quel film a remporté l'oscar du meilleur film en 1934 ?,Cavalcade,42e Rue,L'Adieu aux armes,La Foire aux illusions,,3,Oscar<1960,Oscar meilleur film,3
Quel film a remporté l'oscar du meilleur film en 1935 ?,New York-Miami,Cléopâtre,Voici la marine,Images de la vie,,3,Oscar<1960,Oscar meilleur film,3
Quel film a remporté l'oscar du meilleur film en 1936 ?,Les Révoltés du Bounty,Broadway Melody 1936,Capitaine Blood,Le Danseur du dessus,,3,Oscar<1960,Oscar meilleur film,3
Quel film a remporté l'oscar du meilleur film en 1937 ?,Le Grand Ziegfeld,L'Extravagant Mr. Deeds,Le Marquis de Saint-Évremont,Anthony Adverse,,3,Oscar<1960,Oscar meilleur film,3
Quel film a remporté l'oscar du meilleur film en 1938 ?,La Vie d'Émile Zola,Cette sacrée vérité,Capitaines courageux,Deanna et ses boys,,3,Oscar<1960,Oscar meilleur film,3
Quel film a remporté l'oscar du meilleur film en 1939 ?,Vous ne l'emporterez pas avec vous,Les Aventures de Robin des Bois,La Citadelle,La Folle Parade,,3,Oscar<1960,Oscar meilleur film,3
Qui joue Lester Burnham dans American Beauty ?,Kevin Spacey,Keanu Reeves,Choi Min-sik,Russell Crowe,,https://www.premiere.fr/Cinema/News-Cinema/Quand-les-Oscars-ont-ete-voles-en-2000,Films 1990-2004,Acteur,3
Qui joue Juror 8 dans 12 Hommes en colère ?,Henry Fonda,Marilyn Monroe,William Holden,Cary Grant,,,Films<1960,Acteur,1
Qui joue Kikuchiyo dans Les 7 Samouraïs ?,Toshirô Mifune,Takashi Shimura,Tatsuya Nakadai,Marilyn Monroe,,,Films<1960,Acteur,1
Qui joue George Bailey dans La vie est belle ?,James Stewart,Brigitte Helm,Orson Welles,Lamberto Maggiorani,,,Films<1960,Acteur,1
Qui joue Rick Blaine dans Casablanca ?,Humphrey Bogart,Lamberto Maggiorani,James Stewart,Orson Welles,,,Films<1960,Acteur,1
Qui joue A Factory Worker dans Les temps modernes ?,Charles Chaplin,Humphrey Bogart,Marilyn Monroe,Cary Grant,,,Films<1960,Acteur,1
Qui joue L.B. Jefferies dans Fenêtre sur cour ?,James Stewart,Takashi Shimura,Gene Kelly,Bette Davis,,,Films<1960,Acteur,1
Qui joue A Tramp dans Les lumières de la ville ?,Charles Chaplin,James Stewart,Kirk Douglas,Cary Grant,,,Films<1960,Acteur,1
Qui joue Joe Gillis dans Boulevard du Crépuscule ?,William Holden,Humphrey Bogart,Kirk Douglas,Cary Grant,,,Films<1960,Acteur,1
Qui joue Col. Dax dans Les sentiers de la gloire ?,Kirk Douglas,Bette Davis,Lamberto Maggiorani,Humphrey Bogart,,,Films<1960,Acteur,1
Qui joue Hynkel-Dictator of Tomania dans Le Dictateur ?,Charles Chaplin,Orson Welles,Gene Kelly,Takashi Shimura,,,Films<1960,Acteur,1
Qui joue Leonard Vole dans Témoin à charge ?,Tyrone Power,Charles Chaplin,Gene Kelly,Bette Davis,,,Films<1960,Acteur,2
Qui joue Don Lockwood dans Chantons sous la pluie ?,Gene Kelly,Toshirô Mifune,Ray Milland,Tyrone Power,,,Films<1960,Acteur,2
Qui joue Kane dans Citizen Kane ?,Orson Welles,Lamberto Maggiorani,Marilyn Monroe,James Stewart,,,Films<1960,Acteur,2
Qui joue Hans Beckert dans M le maudit ?,Peter Lorre,Gene Kelly,Marilyn Monroe,James Stewart,,,Films<1960,Acteur,2
Qui joue Roger Thornhill dans La mort aux trousses ?,Cary Grant,Humphrey Bogart,Bette Davis,James Stewart,,,Films<1960,Acteur,2
Qui joue John 'Scottie' Ferguson dans Sueurs froides ?,James Stewart,Charles Chaplin,Tyrone Power,Humphrey Bogart,,,Films<1960,Acteur,2
Qui joue Walter Neff dans Assurance sur la mort ?,Fred MacMurray,Takashi Shimura,Orson Welles,Henry Fonda,,,Films<1960,Acteur,2
Qui joue Kanji Watanabe dans Vivre ?,Takashi Shimura,Toshirô Mifune,Tatsuya Nakadai,Cary Grant,,,Films<1960,Acteur,2
Qui joue Maria dans Metropolis ?,Brigitte Helm,Grace Kelly,Marylin Monroe,Katharine Hepburn,,,Films<1960,Acteur,2
Qui joue Antonio dans Voleur de bicyclette ?,Lamberto Maggiorani,Peter Lorre,Clark Gable,Ray Milland,,,Films<1960,Acteur,2
Qui joue A Tramp dans Le Kid ?,Charles Chaplin,Peter Lorre,James Stewart,Humphrey Bogart,,,Films<1960,Acteur,3
Qui joue Sugar Kane Kowalczyk dans Certains l'aiment chaud ?,Marilyn Monroe,Grace Kelly,Brigitte Helm,Katharine Hepburn,,,Films<1960,Acteur,3
Qui joue Margo dans Ève... ?,Bette Davis,Peter Lorre,James Stewart,Gene Kelly,,,Films<1960,Acteur,3
Qui joue Fred C. Dobbs dans Le Trésor de la Sierra Madre ?,Humphrey Bogart,Ray Milland,Marilyn Monroe,Clark Gable,,,Films<1960,Acteur,3
Qui joue Tajômaru dans Rashomon ?,Toshirô Mifune,Tsutomu Tatsumi,Tatsuya Nakadai,Clark Gable,,,Films<1960,Acteur,3
Qui joue Rhett Butler-Visitor from Charleston dans Autant en emporte le vent ?,Clark Gable,Cary Grant,William Holden,Henry Fonda,,,Films<1960,Acteur,3
Qui joue Tony Wendice dans Le crime était presque parfait ?,Ray Milland,Kirk Douglas,William Holden,James Stewart,,,Films<1960,Acteur,3
Qui joue Shears dans Le pont de la rivière Kwaï ?,William Holden,Fred MacMurray,Toshirô Mifune,Charles Chaplin,,,Films<1960,Acteur,3
Qui joue The Lone Prospector dans La ruée vers l'or ?,Charles Chaplin,William Holden,Toshirô Mifune,Tyrone Power,,,Films<1960,Acteur,3
Qui joue Terry Malloy dans Sur les quais... ?,Marlon Brando,William Holden,Toshirô Mifune,Clark Gable,,,Films<1960,Acteur,3
En quelle année a été réalisé 12 Hommes en colère ?,1957,1943,1938,1949,,,Films<1960,Année,1
En quelle année a été réalisé Les 7 Samouraïs ?,1954,1949,1938,1948,,,Films<1960,Année,1
En quelle année a été réalisé La vie est belle ?,1946,1945,1951,1927,,,Films<1960,Année,1
En quelle année a été réalisé Casablanca ?,1942,1955,1943,1953,,,Films<1960,Année,1
En quelle année a été réalisé Les temps modernes ?,1936,1945,1938,1933,,,Films<1960,Année,1
En quelle année a été réalisé Fenêtre sur cour ?,1954,1953,1948,1933,,,Films<1960,Année,1
En quelle année a été réalisé Les lumières de la ville ?,1931,1942,1936,1947,,,Films<1960,Année,1
En quelle année a été réalisé Boulevard du Crépuscule ?,1950,1954,1943,1929,,,Films<1960,Année,1
En quelle année a été réalisé Les sentiers de la gloire ?,1957,1930,1951,1945,,,Films<1960,Année,1
En quelle année a été réalisé Le Dictateur ?,1940,1947,1958,1945,,,Films<1960,Année,1
En quelle année a été réalisé Témoin à charge ?,1957,1955,1951,1938,,,Films<1960,Année,2
En quelle année a été réalisé Chantons sous la pluie ?,1952,1928,1949,1930,,,Films<1960,Année,2
En quelle année a été réalisé Citizen Kane ?,1941,1939,1934,1953,,,Films<1960,Année,2
En quelle année a été réalisé M le maudit ?,1931,1954,1939,1938,,,Films<1960,Année,2
En quelle année a été réalisé La mort aux trousses ?,1959,1949,1937,1938,,,Films<1960,Année,2
En quelle année a été réalisé Sueurs froides ?,1958,1941,1948,1947,,,Films<1960,Année,2
En quelle année a été réalisé Assurance sur la mort ?,1944,1945,1928,1943,,,Films<1960,Année,2
En quelle année a été réalisé Vivre ?,1952,1956,1932,1936,,,Films<1960,Année,2
En quelle année a été réalisé Metropolis ?,1927,1934,1928,1954,,,Films<1960,Année,2
En quelle année a été réalisé Voleur de bicyclette ?,1948,1942,1945,1931,,,Films<1960,Année,2
En quelle année a été réalisé Le Kid ?,1921,1947,1952,1949,,,Films<1960,Année,3
En quelle année a été réalisé Certains l'aiment chaud ?,1959,1941,1958,1955,,,Films<1960,Année,3
En quelle année a été réalisé Ève... ?,1950,1939,1940,1929,,,Films<1960,Année,3
En quelle année a été réalisé Le Trésor de la Sierra Madre ?,1948,1944,1940,1954,,,Films<1960,Année,3
En quelle année a été réalisé Rashomon ?,1950,1941,1951,1944,,,Films<1960,Année,3
En quelle année a été réalisé Autant en emporte le vent ?,1939,1948,1958,1945,,,Films<1960,Année,3
En quelle année a été réalisé Le crime était presque parfait ?,1954,1951,1928,1934,,,Films<1960,Année,3
En quelle année a été réalisé Le pont de la rivière Kwaï ?,1957,1944,1942,1958,,,Films<1960,Année,3
En quelle année a été réalisé La ruée vers l'or ?,1925,1929,1933,1928,,,Films<1960,Année,3
En quelle année a été réalisé Sur les quais... ?,1954,1955,1936,1942,,,Films<1960,Année,3
Qui a réalisé 12 Hommes en colère ?,Sidney Lumet,Vittorio De Sica,Elia Kazan,Fritz Lang,,,Films<1960,Producteur,1
Qui a réalisé Les 7 Samouraïs ?,Akira Kurosawa,Billy Wilder,Elia Kazan,Stanley Donen,,,Films<1960,Producteur,1
Qui a réalisé La vie est belle ?,Frank Capra,Elia Kazan,Billy Wilder,Stanley Donen,,,Films<1960,Producteur,1
Qui a réalisé Casablanca ?,Michael Curtiz,Frank Capra,Billy Wilder,Charles Chaplin,,,Films<1960,Producteur,1
Qui a réalisé Les temps modernes ?,Charles Chaplin,Akira Kurosawa,Billy Wilder,Orson Welles,,,Films<1960,Producteur,1
Qui a réalisé Fenêtre sur cour ?,Alfred Hitchcock,Billy Wilder,David Lean,Akira Kurosawa,,,Films<1960,Producteur,1
Qui a réalisé Les lumières de la ville ?,Charles Chaplin,Stanley Kubrick,Stanley Donen,Akira Kurosawa,,,Films<1960,Producteur,1
Qui a réalisé Boulevard du Crépuscule ?,Billy Wilder,Alfred Hitchcock,Orson Welles,Akira Kurosawa,,,Films<1960,Producteur,1
Qui a réalisé Les sentiers de la gloire ?,Stanley Kubrick,Sidney Lumet,Billy Wilder,Orson Welles,,,Films<1960,Producteur,1
Qui a réalisé Le Dictateur ?,Charles Chaplin,Billy Wilder,Frank Capra,John Huston,,,Films<1960,Producteur,1
Qui a réalisé Témoin à charge ?,Billy Wilder,Sidney Lumet,Frank Capra,Joseph L. Mankiewicz,,,Films<1960,Producteur,2
Qui a réalisé Chantons sous la pluie ?,Stanley Donen,Vittorio De Sica,Billy Wilder,Victor Fleming,,,Films<1960,Producteur,2
Qui a réalisé Citizen Kane ?,Orson Welles,Billy Wilder,Stanley Donen,Akira Kurosawa,,,Films<1960,Producteur,2
Qui a réalisé M le maudit ?,Fritz Lang,Akira Kurosawa,Alfred Hitchcock,Vittorio De Sica,,,Films<1960,Producteur,2
Qui a réalisé La mort aux trousses ?,Alfred Hitchcock,Akira Kurosawa,Stanley Kubrick,Joseph L. Mankiewicz,,,Films<1960,Producteur,2
Qui a réalisé Sueurs froides ?,Alfred Hitchcock,David Lean,Stanley Kubrick,Akira Kurosawa,,,Films<1960,Producteur,2
Qui a réalisé Assurance sur la mort ?,Billy Wilder,Vittorio De Sica,Charles Chaplin,Akira Kurosawa,,,Films<1960,Producteur,2
Qui a réalisé Vivre ?,Akira Kurosawa,Victor Fleming,Charles Chaplin,Frank Capra,,,Films<1960,Producteur,2
Qui a réalisé Metropolis ?,Fritz Lang,Akira Kurosawa,Charles Chaplin,Stanley Donen,,,Films<1960,Producteur,2
Qui a réalisé Voleur de bicyclette ?,Vittorio De Sica,Billy Wilder,Victor Fleming,Fritz Lang,,,Films<1960,Producteur,2
Qui a réalisé Le Kid ?,Charles Chaplin,Vittorio De Sica,Billy Wilder,Michael Curtiz,,,Films<1960,Producteur,3
Qui a réalisé Certains l'aiment chaud ?,Billy Wilder,David Lean,Victor Fleming,Michael Curtiz,,,Films<1960,Producteur,3
Qui a réalisé Ève... ?,Joseph L. Mankiewicz,Stanley Donen,Billy Wilder,John Huston,,,Films<1960,Producteur,3
Qui a réalisé Le Trésor de la Sierra Madre ?,John Huston,Charles Chaplin,Billy Wilder,Stanley Donen,,,Films<1960,Producteur,3
Qui a réalisé Rashomon ?,Akira Kurosawa,Billy Wilder,Alfred Hitchcock,Charles Chaplin,,,Films<1960,Producteur,3
Qui a réalisé Autant en emporte le vent ?,Victor Fleming,Vittorio De Sica,Stanley Kubrick,Billy Wilder,,,Films<1960,Producteur,3
Qui a réalisé Le crime était presque parfait ?,Alfred Hitchcock,Vittorio De Sica,Joseph L. Mankiewicz,Akira Kurosawa,,,Films<1960,Producteur,3
Qui a réalisé Le pont de la rivière Kwaï ?,David Lean,Alfred Hitchcock,Fritz Lang,Charles Chaplin,,,Films<1960,Producteur,3
Qui a réalisé La ruée vers l'or ?,Charles Chaplin,Sidney Lumet,Frank Capra,Billy Wilder,,,Films<1960,Producteur,3
Qui a réalisé Sur les quais... ?,Elia Kazan,Charles Chaplin,Frank Capra,Alfred Hitchcock,,,Films<1960,Producteur,3
Qui joue Don Vito Corleone dans Le Parrain ?,Marlon Brando,F. Murray Abraham,Keir Dullea,Jack Nicholson,,,Films 1960-1989,Acteur,1
"Qui joue Michael dans Le Parrain, 2ᵉ partie ?",Al Pacino,Malcolm McDowell,Keir Dullea,Jack Nicholson,,,Films 1960-1989,Acteur,1
"Qui joue Blondie dans Le Bon, la brute, le truand ?",Clint Eastwood,Malcolm McDowell,Anthony Perkins,Jack Nicholson,,,Films 1960-1989,Acteur,1
Qui joue Luke Skywalker dans L'Empire contre-attaque ?,Mark Hamill,Jürgen Prochnow,Al Pacino,Martin Sheen,,,Films 1960-1989,Acteur,1
Qui joue R.P. McMurphy dans Vol au-dessus d'un nid de coucou ?,Jack Nicholson,Marlon Brando,Jürgen Prochnow,F. Murray Abraham,,,Films 1960-1989,Acteur,1
Qui joue Luke Skywalker dans La guerre des étoiles ?,Mark Hamill,Tsutomu Tatsumi,Al Pacino,Robert De Niro,,,Films 1960-1989,Acteur,1
Qui joue Marty McFly dans Retour vers le futur ?,Michael J. Fox,Keir Dullea,Peter O'Toole,Clint Eastwood,,,Films 1960-1989,Acteur,1
Qui joue Norman Bates dans Psychose ?,Anthony Perkins,Mark Hamill,Henry Fonda,Jack Nicholson,,,Films 1960-1989,Acteur,1
Qui joue Seita dans Le tombeau des lucioles ?,Tsutomu Tatsumi,Toshirô Mifune,Tatsuya Nakadai,Jack Nicholson,,,Films 1960-1989,Acteur,1
Qui joue Hanshiro Tsugumo dans Harakiri ?,Tatsuya Nakadai,Tsutomu Tatsumi,Toshirô Mifune,Jack Lemmon,,,Films 1960-1989,Acteur,1
Qui joue Frank dans Il était une fois dans l'Ouest ?,Henry Fonda,Anthony Perkins,Matthew Modine,Jack Lemmon,,,Films 1960-1989,Acteur,2
Qui joue Ripley dans Alien-Le 8ème passager ?,Sigourney Weaver,Peter Sellers,Tsutomu Tatsumi,Anthony Perkins,,,Films 1960-1989,Acteur,2
Qui joue Alfredo dans Cinéma Paradiso ?,Philippe Noiret,Henry Fonda,Jack Lemmon,Jack Nicholson,,,Films 1960-1989,Acteur,2
Qui joue Captain Benjamin L. Willard dans Apocalypse Now ?,Martin Sheen,Peter O'Toole,Philippe Noiret,Tsutomu Tatsumi,,,Films 1960-1989,Acteur,2
Qui joue Indy dans Les Aventuriers de l'arche perdue ?,Harrison Ford,Keir Dullea,Philippe Noiret,Sigourney Weaver,,,Films 1960-1989,Acteur,2
Qui joue Jack Torrance dans Shining ?,Jack Nicholson,Martin Sheen,Al Pacino,Sigourney Weaver,,,Films 1960-1989,Acteur,2
Qui joue Ripley dans Aliens-Le Retour ?,Sigourney Weaver,Philippe Noiret,Peter O'Toole,Al Pacino,,,Films 1960-1989,Acteur,2
Qui joue Group Capt. Lionel Mandrake dans Dr. Folamour ou-Comment j'ai appris à ne plus m'en faire et à aimer la bombe ! ?,Peter Sellers,Sigourney Weaver,Al Pacino,Jack Nicholson,,,Films 1960-1989,Acteur,2
Qui joue Antonio Salieri dans Amadeus ?,F. Murray Abraham,Anthony Perkins,Sigourney Weaver,Jack Nicholson,,,Films 1960-1989,Acteur,2
Qui joue Capt.-Lt. Henrich Lehmann-Willenbrock-Der Alte dans Le Bateau ?,Jürgen Prochnow,Tsutomu Tatsumi,Jack Nicholson,Martin Sheen,,,Films 1960-1989,Acteur,2
Qui joue Noodles dans Il était une fois en Amérique ?,Robert De Niro,Jack Nicholson,Tsutomu Tatsumi,Philippe Noiret,,,Films 1960-1989,Acteur,3
Qui joue Kingo Gondo dans Entre le ciel et l'enfer ?,Toshirô Mifune,Henry Fonda,Jack Nicholson,Harrison Ford,,,Films 1960-1989,Acteur,3
Qui joue Luke Skywalker dans Le Retour du Jedi ?,Mark Hamill,Jack Nicholson,Keir Dullea,Robert De Niro,,,Films 1960-1989,Acteur,3
Qui joue Dr. Dave Bowman dans 2001 - L'Odyssée de l'espace ?,Keir Dullea,Aleksey Kravchenko,Philippe Noiret,Mark Hamill,,,Films 1960-1989,Acteur,3
Qui joue Lawrence dans Lawrence d'Arabie ?,Peter O'Toole,F. Murray Abraham,Toshirô Mifune,Mark Hamill,,,Films 1960-1989,Acteur,3
Qui joue Flyora Gayshun dans Requiem pour un massacre-Va et regarde ?,Aleksey Kravchenko,Jack Nicholson,Toshirô Mifune,Clint Eastwood,,,Films 1960-1989,Acteur,3
Qui joue Alex dans Orange mécanique ?,Malcolm McDowell,Tsutomu Tatsumi,Al Pacino,Sigourney Weaver,,,Films 1960-1989,Acteur,3
Qui joue C.C. Baxter dans La garçonnière ?,Jack Lemmon,Peter O'Toole,F. Murray Abraham,Jack Nicholson,,,Films 1960-1989,Acteur,3
Qui joue Pvt. Joker dans Full Metal Jacket ?,Matthew Modine,Marlon Brando,F. Murray Abraham,Sigourney Weaver,,,Films 1960-1989,Acteur,3
Qui joue Tony Montana dans Scarface ?,Al Pacino,Matthew Modine,Tatsuya Nakadai,Jack Lemmon,,,Films 1960-1989,Acteur,3
En quelle année a été réalisé Le Parrain ?,1972,1978,1984,1969,,,Films 1960-1989,Année,1
"En quelle année a été réalisé Le Parrain, 2ᵉ partie ?",1974,1970,1978,1975,,,Films 1960-1989,Année,1
"En quelle année a été réalisé Le Bon, la brute, le truand ?",1966,1963,1975,1987,,,Films 1960-1989,Année,1
En quelle année a été réalisé L'Empire contre-attaque ?,1980,1977,1965,1989,,,Films 1960-1989,Année,1
En quelle année a été réalisé Vol au-dessus d'un nid de coucou ?,1975,1980,1972,1962,,,Films 1960-1989,Année,1
En quelle année a été réalisé La guerre des étoiles ?,1977,1963,1979,1984,,,Films 1960-1989,Année,1
En quelle année a été réalisé Retour vers le futur ?,1985,1970,1968,1981,,,Films 1960-1989,Année,1
En quelle année a été réalisé Psychose ?,1960,1974,1978,1986,,,Films 1960-1989,Année,1
En quelle année a été réalisé Le tombeau des lucioles ?,1988,1966,1961,1982,,,Films 1960-1989,Année,1
En quelle année a été réalisé Harakiri ?,1962,1982,1979,1986,,,Films 1960-1989,Année,1
En quelle année a été réalisé Il était une fois dans l'Ouest ?,1968,1974,1988,1975,,,Films 1960-1989,Année,2
En quelle année a été réalisé Alien-Le 8ème passager ?,1979,1980,1970,1978,,,Films 1960-1989,Année,2
En quelle année a été réalisé Cinéma Paradiso ?,1988,1983,1960,1979,,,Films 1960-1989,Année,2
En quelle année a été réalisé Apocalypse Now ?,1979,1978,1980,1982,,,Films 1960-1989,Année,2
En quelle année a été réalisé Les Aventuriers de l'arche perdue ?,1981,1977,1980,1985,,,Films 1960-1989,Année,2
En quelle année a été réalisé Shining ?,1980,1966,1977,1972,,,Films 1960-1989,Année,2
En quelle année a été réalisé Aliens - Le Retour ?,1986,1970,1974,1980,,,Films 1960-1989,Année,2
En quelle année a été réalisé Dr. Folamour ou - Comment j'ai appris à ne plus m'en faire et à aimer la bombe ! ?,1964,1973,1960,1971,,,Films 1960-1989,Année,2
En quelle année a été réalisé Amadeus ?,1984,1967,1976,1989,,,Films 1960-1989,Année,2
En quelle année a été réalisé Le Bateau ?,1981,1972,1975,1988,,,Films 1960-1989,Année,2
En quelle année a été réalisé Il était une fois en Amérique ?,1984,1968,1975,1965,,,Films 1960-1989,Année,3
En quelle année a été réalisé Entre le ciel et l'enfer ?,1963,1978,1974,1983,,,Films 1960-1989,Année,3
En quelle année a été réalisé Le Retour du Jedi ?,1983,1985,1980,1969,,,Films 1960-1989,Année,3
En quelle année a été réalisé 2001 - L'Odyssée de l'espace ?,1968,1977,1962,1981,,,Films 1960-1989,Année,3
En quelle année a été réalisé Lawrence d'Arabie ?,1962,1986,1976,1975,,,Films 1960-1989,Année,3
En quelle année a été réalisé Requiem pour un massacre-Va et regarde ?,1985,1969,1965,1988,,,Films 1960-1989,Année,3
En quelle année a été réalisé Orange mécanique ?,1971,1982,1980,1976,,,Films 1960-1989,Année,3
En quelle année a été réalisé La garçonnière ?,1960,1985,1982,1987,,,Films 1960-1989,Année,3
En quelle année a été réalisé Full Metal Jacket ?,1987,1989,1966,1980,,,Films 1960-1989,Année,3
En quelle année a été réalisé Scarface ?,1983,1981,1980,1977,,,Films 1960-1989,Année,3
Qui a réalisé Le Parrain ?,Francis Ford Coppola,Charles Chaplin,Isao Takahata,Steven Spielberg,,,Films 1960-1989,Producteur,1
"Qui a réalisé Le Parrain, 2ᵉ partie ?",Francis Ford Coppola,Sergio Leone,Wolfgang Petersen,Alfred Hitchcock,,,Films 1960-1989,Producteur,1
"Qui a réalisé Le Bon, la brute, le truand ?",Sergio Leone,Wolfgang Petersen,Brian De Palma,Francis Ford Coppola,,,Films 1960-1989,Producteur,1
Qui a réalisé L'Empire contre-attaque ?,Irvin Kershner,David Lean,Alfred Hitchcock,Brian De Palma,,,Films 1960-1989,Producteur,1
Qui a réalisé Vol au-dessus d'un nid de coucou ?,Milos Forman,Billy Wilder,Alfred Hitchcock,Masaki Kobayashi,,,Films 1960-1989,Producteur,1
Qui a réalisé La guerre des étoiles ?,George Lucas,Stanley Kubrick,Steven Spielberg,Richard Marquand,,,Films 1960-1989,Producteur,1
Qui a réalisé Retour vers le futur ?,Robert Zemeckis,Alfred Hitchcock,David Lean,Stanley Kubrick,,,Films 1960-1989,Producteur,1
Qui a réalisé Psychose ?,Alfred Hitchcock,David Lean,Stanley Kubrick,Wolfgang Petersen,,,Films 1960-1989,Producteur,1
Qui a réalisé Le tombeau des lucioles ?,Isao Takahata,Steven Spielberg,Irvin Kershner,Stanley Kubrick,,,Films 1960-1989,Producteur,1
Qui a réalisé Harakiri ?,Masaki Kobayashi,Milos Forman,Alfred Hitchcock,Sergio Leone,,,Films 1960-1989,Producteur,1
Qui a réalisé Il était une fois dans l'Ouest ?,Sergio Leone,Milos Forman,George Lucas,Elem Klimov,,,Films 1960-1989,Producteur,2
Qui a réalisé Alien-Le 8ème passager ?,Ridley Scott,George Lucas,Akira Kurosawa,Brian De Palma,,,Films 1960-1989,Producteur,2
Qui a réalisé Cinéma Paradiso ?,Giuseppe Tornatore,George Lucas,Sergio Leone,Francis Ford Coppola,,,Films 1960-1989,Producteur,2
Qui a réalisé Apocalypse Now ?,Francis Ford Coppola,Stanley Kubrick,Steven Spielberg,Brian De Palma,,,Films 1960-1989,Producteur,2
Qui a réalisé Les Aventuriers de l'arche perdue ?,Steven Spielberg,Stanley Kubrick,James Cameron,Brian De Palma,,,Films 1960-1989,Producteur,2
Qui a réalisé Shining ?,Stanley Kubrick,Sergio Leone,James Cameron,Akira Kurosawa,,,Films 1960-1989,Producteur,2
Qui a réalisé Aliens - Le Retour ?,James Cameron,Sergio Leone,Milos Forman,Akira Kurosawa,,,Films 1960-1989,Producteur,2
Qui a réalisé Dr. Folamour ou - Comment j'ai appris à ne plus m'en faire et à aimer la bombe ! ?,Stanley Kubrick,Sergio Leone,Masaki Kobayashi,Francis Ford Coppola,,,Films 1960-1989,Producteur,2
Qui a réalisé Amadeus ?,Milos Forman,Richard Marquand,Masaki Kobayashi,Sergio Leone,,,Films 1960-1989,Producteur,2
Qui a réalisé Le Bateau ?,Wolfgang Petersen,Ridley Scott,Steven Spielberg,Sergio Leone,,,Films 1960-1989,Producteur,2
Qui a réalisé Il était une fois en Amérique ?,Sergio Leone,Alfred Hitchcock,Steven Spielberg,Stanley Kubrick,,,Films 1960-1989,Producteur,3
Qui a réalisé Entre le ciel et l'enfer ?,Akira Kurosawa,Sergio Leone,Steven Spielberg,Milos Forman,,,Films 1960-1989,Producteur,3
Qui a réalisé Le Retour du Jedi ?,Richard Marquand,Wolfgang Petersen,George Lucas,Milos Forman,,,Films 1960-1989,Producteur,3
Qui a réalisé 2001 - L'Odyssée de l'espace ?,Stanley Kubrick,Milos Forman,Billy Wilder,Masaki Kobayashi,,,Films 1960-1989,Producteur,3
Qui a réalisé Lawrence d'Arabie ?,David Lean,Sergio Leone,Billy Wilder,Masaki Kobayashi,,,Films 1960-1989,Producteur,3
Qui a réalisé Requiem pour un massacre-Va et regarde ?,Elem Klimov,George Lucas,Billy Wilder,Ridley Scott,,,Films 1960-1989,Producteur,3
Qui a réalisé Orange mécanique ?,Stanley Kubrick,Giuseppe Tornatore,James Cameron,Steven Spielberg,,,Films 1960-1989,Producteur,3
Qui a réalisé La garçonnière ?,Billy Wilder,Sergio Leone,Giuseppe Tornatore,James Cameron,,,Films 1960-1989,Producteur,3
Qui a réalisé Full Metal Jacket ?,Stanley Kubrick,Masaki Kobayashi,Sergio Leone,George Lucas,,,Films 1960-1989,Producteur,3
Qui a réalisé Scarface ?,Brian De Palma,Stanley Kubrick,Sergio Leone,Giuseppe Tornatore,,,Films 1960-1989,Producteur,3
Qui joue Andy Dufresne dans Les Évadés ?,Tim Robbins,Russell Crowe,Daveigh Chase,Choi Min-sik,,,Films 1990-2004,Acteur,1
Qui joue Oskar Schindler dans La liste de Schindler ?,Liam Neeson,Arnold Schwarzenegger,Roberto Benigni,Choi Min-sik,,,Films 1990-2004,Acteur,1
Qui joue Frodo dans Le Seigneur des anneaux - Le Retour du roi ?,Elijah Wood,Tim Robbins,Kevin Spacey,Morgan Freeman,,,Films 1990-2004,Acteur,1
Qui joue Vincent Vega dans Pulp Fiction ?,John Travolta,Choi Min-sik,Liam Neeson,Elijah Wood,,,Films 1990-2004,Acteur,1
Qui joue Frodo dans Le Seigneur des anneaux - La Communauté de l'anneau ?,Elijah Wood,Tim Robbins,Liam Neeson,Choi Min-sik,,,Films 1990-2004,Acteur,2
Qui joue Forrest Gump dans Forrest Gump ?,Tom Hanks,Morgan Freeman,Kevin Spacey,Daveigh Chase,,,Films 1990-2004,Acteur,1
Qui joue Tyler Durden dans Fight Club ?,Brad Pitt,Morgan Freeman,Daveigh Chase,Tim Robbins,,,Films 1990-2004,Acteur,1
Qui joue Frodo dans Le Seigneur des anneaux - Les Deux Tours ?,Elijah Wood,Guy Pearce,Tim Robbins,Robert De Niro,,,Films 1990-2004,Acteur,3
Qui joue Neo dans Matrix ?,Keanu Reeves,Robert De Niro,Matthew Broderick,Tim Robbins,,,Films 1990-2004,Acteur,1
Qui joue James Conway dans Les affranchis ?,Robert De Niro,Daveigh Chase,Matthew Broderick,Tom Hanks,,,Films 1990-2004,Acteur,1
Qui joue Somerset dans Seven ?,Morgan Freeman,Elijah Wood,Mel Gibson,Edward Norton,,,Films 1990-2004,Acteur,2
Qui joue Clarice Starling dans Le Silence des agneaux ?,Jodie Foster,Matthew Broderick,Jean Reno,Tom Hanks,,,Films 1990-2004,Acteur,1
Qui joue Buscapé-Rocket dans La cité de Dieu ?,Alexandre Rodrigues,Brad Pitt,Jean Reno,Tom Hanks,,,Films 1990-2004,Acteur,2
Qui joue Captain Miller dans Il faut sauver le soldat Ryan ?,Tom Hanks,Morgan Freeman,Edward Norton,Matthew Broderick,,,Films 1990-2004,Acteur,2
Qui joue Guido dans La vie est belle ?,Roberto Benigni,Tom Hanks,Elijah Wood,Kevin Spacey,,,Films 1990-2004,Acteur,2
Qui joue Paul Edgecomb dans La ligne verte ?,Tom Hanks,Russell Crowe,Jean Reno,Tim Robbins,,,Films 1990-2004,Acteur,2
Qui joue The Terminator dans Terminator 2 - Le jugement dernier ?,Arnold Schwarzenegger,Tom Hanks,Jean Reno,Tim Robbins,,,Films 1990-2004,Acteur,2
Qui joue Chihiro dans Le voyage de Chihiro ?,Daveigh Chase,Elijah Wood,Brad Pitt,Matthew Broderick,,,Films 1990-2004,Acteur,2
Qui joue Wladyslaw Szpilman dans Le pianiste ?,Adrien Brody,Elijah Wood,Tom Hanks,Jean Reno,,,Films 1990-2004,Acteur,2
Qui joue Leon dans Léon ?,Jean Reno,Tom Hanks,Edward Norton,Choi Min-sik,,,Films 1990-2004,Acteur,2
Qui joue Simba dans Le Roi Lion ?,Matthew Broderick,Tom Hanks,Elijah Wood,Roberto Benigni,,,Films 1990-2004,Acteur,3
Qui joue Maximus dans Gladiator ?,Russell Crowe,Mel Gibson,Jodie Foster,Elijah Wood,,,Films 1990-2004,Acteur,1
Qui joue Derek dans American History X ?,Edward Norton,Matthew Broderick,Tim Robbins,Guy Pearce,,,Films 1990-2004,Acteur,3
Qui joue Verbal dans Usual Suspects ?,Kevin Spacey,Matthew Broderick,Tim Robbins,Tom Hanks,,,Films 1990-2004,Acteur,3
Qui joue Leonard dans Memento ?,Guy Pearce,Elijah Wood,Russell Crowe,Tom Hanks,,,Films 1990-2004,Acteur,3
Qui joue Dae-su Oh dans Old Boy ?,Choi Min-sik,Ryûnosuke Kamiki,Yôji Matsuda,Roberto Benigni,,,Films 1990-2004,Acteur,3
Qui joue William Wallace dans Braveheart ?,Mel Gibson,Alexandre Rodrigues,Tom Hanks,Robert De Niro,,,Films 1990-2004,Acteur,3
Qui joue Woody dans Toy Story ?,Tom Hanks,Elijah Wood,Brad Pitt,Robert De Niro,,,Films 1990-2004,Acteur,3
Qui joue Ashitaka dans Princesse Mononoké ?,Yôji Matsuda,Ryûnosuke Kamiki,Daveigh Chase,Brad Pitt,,,Films 1990-2004,Acteur,3
Qui joue Sean dans Will Hunting ?,Robin Williams,Brad Pitt,Kevin Spacey,Elijah Wood,,,Films 1990-2004,Acteur,4
Qui joue Sara Goldfarb dans Requiem for a Dream ?,Ellen Burstyn,Tom Hanks,Liam Neeson,Matthew Broderick,,,Films 1990-2004,Acteur,4
Qui joue Joel Barish dans Eternal Sunshine of the Spotless Mind ?,Jim Carrey,Kevin Spacey,Morgan Freeman,Russell Crowe,,,Films 1990-2004,Acteur,4
Qui joue Mr. White dans Reservoir Dogs ?,Harvey Keitel,Kevin Spacey,Morgan Freeman,Elijah Wood,,,Films 1990-2004,Acteur,4
Qui joue Amélie Poulain dans Le fabuleux destin d'Amélie Poulain ?,Audrey Tautou,Mélanie Laurent,Isabelle Adjani,Marion Cotillard,,,Films 1990-2004,Acteur,4
Qui joue Lt. Vincent Hanna dans Heat ?,Al Pacino,Kevin Spacey,Robert De Niro,Tom Hanks,,,Films 1990-2004,Acteur,4
Qui joue Jack Vincennes dans L.A. Confidential ?,Kevin Spacey,Robert De Niro,Tim Robbins,Elijah Wood,,,Films 1990-2004,Acteur,4
Qui joue Turkish dans Snatch-Tu braques ou tu raques ?,Jason Statham,Kevin Spacey,Yôji Matsuda,Tom Hanks,,,Films 1990-2004,Acteur,4
Qui joue Adolf Hitler dans La chute ?,Bruno Ganz,Elijah Wood,Matthew Broderick,Kevin Spacey,,,Films 1990-2004,Acteur,4
Qui joue Sam 'Ace' Rothstein dans Casino ?,Robert De Niro,Alexandre Rodrigues,Matthew Broderick,Anthony Gonzalez,,,Films 1990-2004,Acteur,4
En quelle année a été réalisé Les Évadés ?,1994,1995,2004,1998,,,Films 1990-2004,Année,1
En quelle année a été réalisé La liste de Schindler ?,1993,1997,1999,2002,,,Films 1990-2004,Année,1
En quelle année a été réalisé Le Seigneur des anneaux - Le Retour du roi ?,2003,2001,1994,1995,,,Films 1990-2004,Année,1
En quelle année a été réalisé Pulp Fiction ?,1994,1996,2001,2002,,,Films 1990-2004,Année,1
En quelle année a été réalisé Le Seigneur des anneaux - La Communauté de l'anneau ?,2001,2000,1997,2002,,,Films 1990-2004,Année,1
En quelle année a été réalisé Forrest Gump ?,1994,1999,1997,1998,,,Films 1990-2004,Année,1
En quelle année a été réalisé Fight Club ?,1999,2002,1991,2000,,,Films 1990-2004,Année,1
En quelle année a été réalisé Le Seigneur des anneaux - Les Deux Tours ?,2002,1992,2004,1997,,,Films 1990-2004,Année,1
En quelle année a été réalisé Matrix ?,1999,1991,1994,2000,,,Films 1990-2004,Année,1
En quelle année a été réalisé Les affranchis ?,1990,1996,2000,1995,,,Films 1990-2004,Année,1
En quelle année a été réalisé Seven ?,1995,2003,2000,2002,,,Films 1990-2004,Année,2
En quelle année a été réalisé Le Silence des agneaux ?,1991,1997,2003,1992,,,Films 1990-2004,Année,2
En quelle année a été réalisé La cité de Dieu ?,2002,2003,1991,1999,,,Films 1990-2004,Année,2
En quelle année a été réalisé Il faut sauver le soldat Ryan ?,1998,1995,2000,1991,,,Films 1990-2004,Année,2
En quelle année a été réalisé La vie est belle ?,1997,2002,2001,1993,,,Films 1990-2004,Année,2
En quelle année a été réalisé La ligne verte ?,1999,1990,1996,1992,,,Films 1990-2004,Année,2
En quelle année a été réalisé Terminator 2 - Le jugement dernier ?,1991,2002,2003,1992,,,Films 1990-2004,Année,2
En quelle année a été réalisé Le voyage de Chihiro ?,2001,1995,1999,1993,,,Films 1990-2004,Année,2
En quelle année a été réalisé Le pianiste ?,2002,2003,1998,2000,,,Films 1990-2004,Année,2
En quelle année a été réalisé Léon ?,1994,2004,2001,1991,,,Films 1990-2004,Année,2
En quelle année a été réalisé Le Roi Lion ?,1994,1992,2003,2002,,,Films 1990-2004,Année,3
En quelle année a été réalisé Gladiator ?,2000,1991,1995,1992,,,Films 1990-2004,Année,3
En quelle année a été réalisé American History X ?,1998,2004,2003,1992,,,Films 1990-2004,Année,3
En quelle année a été réalisé Usual Suspects ?,1995,2004,2002,2000,,,Films 1990-2004,Année,3
En quelle année a été réalisé Memento ?,2000,1998,1999,1996,,,Films 1990-2004,Année,3
En quelle année a été réalisé American Beauty ?,1999,1992,1991,2004,,,Films 1990-2004,Année,3
En quelle année a été réalisé Old Boy ?,2003,2004,1990,1999,,,Films 1990-2004,Année,3
En quelle année a été réalisé Braveheart ?,1995,1993,2000,2004,,,Films 1990-2004,Année,3
En quelle année a été réalisé Toy Story ?,1995,1997,1998,1990,,,Films 1990-2004,Année,3
En quelle année a été réalisé Princesse Mononoké ?,1997,1993,2004,1991,,,Films 1990-2004,Année,3
En quelle année a été réalisé Will Hunting ?,1997,2001,1992,2003,,,Films 1990-2004,Année,4
En quelle année a été réalisé Requiem for a Dream ?,2000,2001,1992,2004,,,Films 1990-2004,Année,4
En quelle année a été réalisé Eternal Sunshine of the Spotless Mind ?,2004,1990,1995,2003,,,Films 1990-2004,Année,4
En quelle année a été réalisé Reservoir Dogs ?,1992,1991,1990,1997,,,Films 1990-2004,Année,4
En quelle année a été réalisé Le fabuleux destin d'Amélie Poulain ?,2001,1993,1996,1992,,,Films 1990-2004,Année,4
En quelle année a été réalisé Heat ?,1995,1997,1992,1993,,,Films 1990-2004,Année,4
En quelle année a été réalisé L.A. Confidential ?,1997,1999,1992,2000,,,Films 1990-2004,Année,4
En quelle année a été réalisé Snatch-Tu braques ou tu raques ?,2000,1990,2004,1993,,,Films 1990-2004,Année,4
En quelle année a été réalisé La chute ?,2004,1992,2000,2003,,,Films 1990-2004,Année,4
En quelle année a été réalisé Casino ?,1995,2001,1996,1993,,,Films 1990-2004,Année,4
Qui a réalisé Les Évadés ?,Frank Darabont,John Lasseter,Darren Aronofsky,Steven Spielberg,,,Films 1990-2004,Producteur,1
Qui a réalisé La liste de Schindler ?,Steven Spielberg,Peter Jackson,Hayao Miyazaki,Oliver Hirschbiegel,,,Films 1990-2004,Producteur,1
Qui a réalisé Le Seigneur des anneaux - Le Retour du roi ?,Peter Jackson,Hayao Miyazaki,Fernando Meirelles,Mel Gibson,,,Films 1990-2004,Producteur,1
Qui a réalisé Pulp Fiction ?,Quentin Tarantino,Sam Mendes,Tony Kaye,Hayao Miyazaki,,,Films 1990-2004,Producteur,1
Qui a réalisé Le Seigneur des anneaux - La Communauté de l'anneau ?,Peter Jackson,Sam Mendes,Michael Mann,Quentin Tarantino,,,Films 1990-2004,Producteur,1
Qui a réalisé Forrest Gump ?,Robert Zemeckis,Jonathan Demme,Quentin Tarantino,Darren Aronofsky,,,Films 1990-2004,Producteur,1
Qui a réalisé Fight Club ?,David Fincher,Quentin Tarantino,Sam Mendes,Roman Polanski,,,Films 1990-2004,Producteur,1
Qui a réalisé Le Seigneur des anneaux - Les Deux Tours ?,Peter Jackson,Quentin Tarantino,Hayao Miyazaki,Roman Polanski,,,Films 1990-2004,Producteur,1
Qui a réalisé Matrix ?,Lana Wachowski,Roger Allers,Gus Van Sant,Roman Polanski,,,Films 1990-2004,Producteur,1
Qui a réalisé Les affranchis ?,Martin Scorsese,Darren Aronofsky,Steven Spielberg,Hayao Miyazaki,,,Films 1990-2004,Producteur,1
Qui a réalisé Seven ?,David Fincher,Lana Wachowski,Peter Jackson,Hayao Miyazaki,,,Films 1990-2004,Producteur,2
Qui a réalisé Le Silence des agneaux ?,Jonathan Demme,Lana Wachowski,Peter Jackson,Frank Darabont,,,Films 1990-2004,Producteur,2
Qui a réalisé La cité de Dieu ?,Fernando Meirelles,Lana Wachowski,Peter Jackson,Frank Darabont,,,Films 1990-2004,Producteur,2
Qui a réalisé Il faut sauver le soldat Ryan ?,Steven Spielberg,Peter Jackson,Michel Gondry,Frank Darabont,,,Films 1990-2004,Producteur,2
Qui a réalisé La vie est belle ?,Roberto Benigni,Hayao Miyazaki,Frank Darabont,Quentin Tarantino,,,Films 1990-2004,Producteur,2
Qui a réalisé La ligne verte ?,Frank Darabont,Roman Polanski,Hayao Miyazaki,Steven Spielberg,,,Films 1990-2004,Producteur,2
Qui a réalisé Terminator 2 - Le jugement dernier ?,James Cameron,Roberto Benigni,Roman Polanski,Steven Spielberg,,,Films 1990-2004,Producteur,2
Qui a réalisé Le voyage de Chihiro ?,Hayao Miyazaki,Robert Zemeckis,Michel Gondry,Fernando Meirelles,,,Films 1990-2004,Producteur,2
Qui a réalisé Le pianiste ?,Roman Polanski,Steven Spielberg,Ridley Scott,Bryan Singer,,,Films 1990-2004,Producteur,2
Qui a réalisé Léon ?,Luc Besson,Robert Zemeckis,Hayao Miyazaki,Sam Mendes,,,Films 1990-2004,Producteur,2
Qui a réalisé Le Roi Lion ?,Roger Allers,Oliver Hirschbiegel,Hayao Miyazaki,Sam Mendes,,,Films 1990-2004,Producteur,3
Qui a réalisé Gladiator ?,Ridley Scott,Gus Van Sant,Peter Jackson,Steven Spielberg,,,Films 1990-2004,Producteur,3
Qui a réalisé American History X ?,Tony Kaye,John Lasseter,Darren Aronofsky,Park Chan-wook,,,Films 1990-2004,Producteur,3
Qui a réalisé Usual Suspects ?,Bryan Singer,Hayao Miyazaki,Darren Aronofsky,Park Chan-wook,,,Films 1990-2004,Producteur,3
Qui a réalisé Memento ?,Christopher Nolan,Martin Scorsese,John Lasseter,Peter Jackson,,,Films 1990-2004,Producteur,3
Qui a réalisé American Beauty ?,Sam Mendes,Robert Zemeckis,Oliver Hirschbiegel,Hayao Miyazaki,,,Films 1990-2004,Producteur,3
Qui a réalisé Old Boy ?,Park Chan-wook,Quentin Tarantino,Oliver Hirschbiegel,Steven Spielberg,,,Films 1990-2004,Producteur,3
Qui a réalisé Braveheart ?,Mel Gibson,Jonathan Demme,Sam Mendes,Roger Allers,,,Films 1990-2004,Producteur,3
Qui a réalisé Toy Story ?,John Lasseter,Quentin Tarantino,Frank Darabont,Peter Jackson,,,Films 1990-2004,Producteur,3
Qui a réalisé Princesse Mononoké ?,Hayao Miyazaki,Quentin Tarantino,Robert Zemeckis,Michael Mann,,,Films 1990-2004,Producteur,3
Qui a réalisé Will Hunting ?,Gus Van Sant,Jonathan Demme,Hayao Miyazaki,Tony Kaye,,,Films 1990-2004,Producteur,4
Qui a réalisé Requiem for a Dream ?,Darren Aronofsky,Bryan Singer,Robert Zemeckis,Jean-Pierre Jeunet,,,Films 1990-2004,Producteur,4
Qui a réalisé Eternal Sunshine of the Spotless Mind ?,Michel Gondry,Peter Jackson,David Fincher,Luc Besson,,,Films 1990-2004,Producteur,4
Qui a réalisé Reservoir Dogs ?,Quentin Tarantino,Hayao Miyazaki,Mel Gibson,Park Chan-wook,,,Films 1990-2004,Producteur,4
Qui a réalisé Le fabuleux destin d'Amélie Poulain ?,Jean-Pierre Jeunet,Peter Jackson,Martin Scorsese,Mel Gibson,,,Films 1990-2004,Producteur,4
Qui a réalisé Heat ?,Michael Mann,Quentin Tarantino,Steven Spielberg,Mel Gibson,,,Films 1990-2004,Producteur,4
Qui a réalisé L.A. Confidential ?,Curtis Hanson,Oliver Hirschbiegel,Martin Scorsese,Ridley Scott,,,Films 1990-2004,Producteur,4
Qui a réalisé Snatch-Tu braques ou tu raques ?,Guy Ritchie,Tony Kaye,Steven Spielberg,Curtis Hanson,,,Films 1990-2004,Producteur,4
Qui a réalisé La chute ?,Oliver Hirschbiegel,Brian De Palma,Quentin Tarantino,Mel Gibson,,,Films 1990-2004,Producteur,4
Qui a réalisé Casino ?,Martin Scorsese,Roman Polanski,Guy Ritchie,Peter Jackson,,,Films 1990-2004,Producteur,4
Qui joue Bruce Wayne dans The Dark Knight - Le Chevalier noir ?,Christian Bale,Ivana Baquero,Tom Cruise,Ryûnosuke Kamiki,,,Films 2005-2022,Acteur,1
Qui joue Cobb dans Inception ?,Leonardo DiCaprio,Ivana Baquero,Miles Teller,Mads Mikkelsen,,,Films 2005-2022,Acteur,1
Qui joue Cooper dans Interstellar ?,Matthew McConaughey,Shameik Moore,Christian Bale,Payman Maadi,,,Films 2005-2022,Acteur,1
Qui joue Ki Taek dans Parasite ?,Song Kang-ho,Ryûnosuke Kamiki,Christian Bale,Payman Maadi,,,Films 2005-2022,Acteur,1
Qui joue Billy dans Les infiltrés ?,Leonardo DiCaprio,Edward Asner,François Cluzet,Darsheel Safary,,,Films 2005-2022,Acteur,1
Qui joue Alfred Borden dans Le Prestige ?,Christian Bale,Leonardo DiCaprio,Robert Downey Jr.,Payman Maadi,,,Films 2005-2022,Acteur,1
Qui joue Andrew dans Whiplash ?,Miles Teller,Leonardo DiCaprio,Ivana Baquero,François Cluzet,,,Films 2005-2022,Acteur,1
Qui joue Philippe dans Intouchables ?,François Cluzet,Darsheel Safary,Leonardo DiCaprio,Tom Holland,,,Films 2005-2022,Acteur,1
Qui joue Django dans Django Unchained ?,Jamie Foxx,Christian Bale,Joaquin Phoenix,Matthew McConaughey,,,Films 2005-2022,Acteur,1
Qui joue WALL·E dans WALL·E ?,Ben Burtt,Dean-Charles Chapman,Payman Maadi,Viggo Mortensen,,,Films 2005-2022,Acteur,1
Qui joue Hauptmann Gerd Wiesler dans La vie des autres ?,Ulrich Mühe,Tommy Lee Jones,Matthew McConaughey,Song Kang-ho,,,Films 2005-2022,Acteur,2
Qui joue Tony Stark dans Avengers- Infinity War ?,Robert Downey Jr.,Darsheel Safary,Lubna Azabal,Mads Mikkelsen,,,Films 2005-2022,Acteur,2
Qui joue Miles Morales dans Spider-Man- New Generation ?,Shameik Moore,Aamir Khan,Leonardo DiCaprio,Darsheel Safary,,,Films 2005-2022,Acteur,2
Qui joue Bruce Wayne dans The Dark Knight Rises ?,Christian Bale,Robert Downey Jr.,Ulrich Mühe,Lubna Azabal,,,Films 2005-2022,Acteur,2
Qui joue Capt. Pete 'Maverick' Mitchell dans Top Gun- Maverick ?,Tom Cruise,Hugo Weaving,Jamie Foxx,Zain Al Rafeea,,,Films 2005-2022,Acteur,2
Qui joue Arthur Fleck dans Joker ?,Joaquin Phoenix,Mads Mikkelsen,Jamie Foxx,Tom Holland,,,Films 2005-2022,Acteur,2
Qui joue Lt. Aldo Raine dans Inglourious Basterds ?,Brad Pitt,Aamir Khan,Leonardo DiCaprio,Robert Downey Jr.,,,Films 2005-2022,Acteur,2
Qui joue Miguel dans Coco ?,Anthony Gonzalez,Ryûnosuke Kamiki,Jamie Foxx,Leonardo DiCaprio,,,Films 2005-2022,Acteur,2
Qui joue Tony Stark dans Avengers- Endgame ?,Robert Downey Jr.,Mads Mikkelsen,Dean-Charles Chapman,Edward Asner,,,Films 2005-2022,Acteur,2
Qui joue Taki Tachibana dans Your Name. ?,Ryûnosuke Kamiki,Aamir Khan,Matthew McConaughey,Song Kang-ho,,,Films 2005-2022,Acteur,2
Qui joue Woody dans Toy Story 3 ?,Tom Hanks,Matthew McConaughey,Viggo Mortensen,Darsheel Safary,,,Films 2005-2022,Acteur,3
Qui joue Ranchoddas Shamaldas Chanchad (Rancho) dans 3 Idiots ?,Aamir Khan,Lubna Azabal,Leonardo DiCaprio,Christian Bale,,,Films 2005-2022,Acteur,3
Qui joue Zain dans Capharnaüm ?,Zain Al Rafeea,Aamir Khan,Ryûnosuke Kamiki,Miles Teller,,,Films 2005-2022,Acteur,3
Qui joue Lucas dans La chasse ?,Mads Mikkelsen,François Cluzet,Leonardo DiCaprio,Song Kang-ho,,,Films 2005-2022,Acteur,3
Qui joue Alexander Hamilton dans Hamilton ?,Lin-Manuel Miranda,Anthony Gonzalez,Aamir Khan,Joaquin Phoenix,,,Films 2005-2022,Acteur,3
Qui joue Carl Fredricksen dans Là-haut ?,Edward Asner,Ivana Baquero,Aamir Khan,Brad Pitt,,,Films 2005-2022,Acteur,3
Qui joue Nawal Marwan dans Incendies ?,Lubna Azabal,Aamir Khan,Tom Cruise,François Cluzet,,,Films 2005-2022,Acteur,3
Qui joue Nader dans Une séparation ?,Payman Maadi,Aamir Khan,Robert Downey Jr.,Christian Bale,,,Films 2005-2022,Acteur,3
Qui joue Lance Corporal Blake dans 1917 ?,Dean-Charles Chapman,Viggo Mortensen,Leonardo DiCaprio,Tom Cruise,,,Films 2005-2022,Acteur,3
Qui joue Ishaan Awasthi dans Taare Zameen Par ?,Darsheel Safary,Tom Cruise,Viggo Mortensen,Leonardo DiCaprio,,,Films 2005-2022,Acteur,3
Qui joue Bruce Wayne dans Batman Begins ?,Christian Bale,Darsheel Safary,Viggo Mortensen,Joaquin Phoenix,,,Films 2005-2022,Acteur,4
Qui joue Mahavir Singh Phogat dans Dangal ?,Aamir Khan,Darsheel Safary,Lubna Azabal,Matthew McConaughey,,,Films 2005-2022,Acteur,4
Qui joue Anthony dans The Father ?,Anthony Hopkins,Lubna Azabal,François Cluzet,Aamir Khan,,,Films 2005-2022,Acteur,4
Qui joue Tony Lip dans Green Book- Sur les routes du sud ?,Viggo Mortensen,Christian Bale,François Cluzet,Brad Pitt,,,Films 2005-2022,Acteur,4
Qui joue Jordan Belfort dans Le loup de Wall Street ?,Leonardo DiCaprio,Matthew McConaughey,Edward Asner,Aamir Khan,,,Films 2005-2022,Acteur,4
Qui joue Ofelia dans Le labyrinthe de Pan ?,Ivana Baquero,Darsheel Safary,Jamie Foxx,Brad Pitt,,,Films 2005-2022,Acteur,4
Qui joue Peter Parker dans Spider-Man- No Way Home ?,Tom Holland,Christian Bale,Anthony Gonzalez,Matthew McConaughey,,,Films 2005-2022,Acteur,4
Qui joue Teddy Daniels dans Shutter Island ?,Leonardo DiCaprio,Jamie Foxx,Christian Bale,Robert Downey Jr.,,,Films 2005-2022,Acteur,4
Qui joue Ed Tom Bell dans No Country for Old Men ?,Tommy Lee Jones,Brad Pitt,Tom Hanks,Mads Mikkelsen,,,Films 2005-2022,Acteur,4
Qui joue V dans V pour vendetta ?,Hugo Weaving,François Cluzet,Ryûnosuke Kamiki,Zain Al Rafeea,,,Films 2005-2022,Acteur,4
En quelle année a été réalisé The Dark Knight - Le Chevalier noir ?,2008,2018,2020,2017,,,Films 2005-2022,Année,1
En quelle année a été réalisé Inception ?,2010,2006,2011,2015,,,Films 2005-2022,Année,1
En quelle année a été réalisé Interstellar ?,2014,2012,2011,2015,,,Films 2005-2022,Année,1
En quelle année a été réalisé Parasite ?,2019,2015,2014,2008,,,Films 2005-2022,Année,1
En quelle année a été réalisé Les infiltrés ?,2006,2009,2013,2018,,,Films 2005-2022,Année,1
En quelle année a été réalisé Le Prestige ?,2006,2022,2008,2011,,,Films 2005-2022,Année,1
En quelle année a été réalisé Whiplash ?,2014,2008,2016,2017,,,Films 2005-2022,Année,1
En quelle année a été réalisé Intouchables ?,2011,2020,2005,2012,,,Films 2005-2022,Année,1
En quelle année a été réalisé Django Unchained ?,2012,2021,2016,2017,,,Films 2005-2022,Année,1
En quelle année a été réalisé WALL·E ?,2008,2012,2020,2014,,,Films 2005-2022,Année,1
En quelle année a été réalisé La vie des autres ?,2006,2015,2011,2007,,,Films 2005-2022,Année,2
En quelle année a été réalisé Avengers- Infinity War ?,2018,2020,2016,2007,,,Films 2005-2022,Année,2
En quelle année a été réalisé Spider-Man- New Generation ?,2018,2007,2017,2016,,,Films 2005-2022,Année,2
En quelle année a été réalisé The Dark Knight Rises ?,2012,2007,2008,2013,,,Films 2005-2022,Année,2
En quelle année a été réalisé Top Gun- Maverick ?,2022,2007,2005,2011,,,Films 2005-2022,Année,2
En quelle année a été réalisé Joker ?,2019,2015,2018,2007,,,Films 2005-2022,Année,2
En quelle année a été réalisé Inglourious Basterds ?,2009,2022,2012,2010,,,Films 2005-2022,Année,2
En quelle année a été réalisé Coco ?,2017,2018,2007,2012,,,Films 2005-2022,Année,2
En quelle année a été réalisé Avengers- Endgame ?,2019,2013,2016,2010,,,Films 2005-2022,Année,2
En quelle année a été réalisé Your Name. ?,2016,2009,2011,2007,,,Films 2005-2022,Année,2
En quelle année a été réalisé Toy Story 3 ?,2010,2021,2005,2009,,,Films 2005-2022,Année,3
En quelle année a été réalisé 3 Idiots ?,2009,2007,2021,2019,,,Films 2005-2022,Année,3
En quelle année a été réalisé Capharnaüm ?,2018,2014,2011,2019,,,Films 2005-2022,Année,3
En quelle année a été réalisé La chasse ?,2012,2015,2006,2009,,,Films 2005-2022,Année,3
En quelle année a été réalisé Hamilton ?,2020,2021,2010,2017,,,Films 2005-2022,Année,3
En quelle année a été réalisé Là-haut ?,2009,2014,2020,2015,,,Films 2005-2022,Année,3
En quelle année a été réalisé Incendies ?,2010,2005,2007,2008,,,Films 2005-2022,Année,3
En quelle année a été réalisé Une séparation ?,2011,2021,2014,2008,,,Films 2005-2022,Année,3
En quelle année a été réalisé 1917 ?,2019,2011,2016,2013,,,Films 2005-2022,Année,3
En quelle année a été réalisé Taare Zameen Par ?,2007,2009,2021,2010,,,Films 2005-2022,Année,3
En quelle année a été réalisé Batman Begins ?,2005,2019,2018,2007,,,Films 2005-2022,Année,4
En quelle année a été réalisé Dangal ?,2016,2012,2010,2014,,,Films 2005-2022,Année,4
En quelle année a été réalisé The Father ?,2020,2005,2008,2018,,,Films 2005-2022,Année,4
En quelle année a été réalisé Green Book- Sur les routes du sud ?,2018,2010,2007,2017,,,Films 2005-2022,Année,4
En quelle année a été réalisé Le loup de Wall Street ?,2013,2016,2012,2018,,,Films 2005-2022,Année,4
En quelle année a été réalisé Le labyrinthe de Pan ?,2006,2010,2013,2022,,,Films 2005-2022,Année,4
En quelle année a été réalisé Spider-Man- No Way Home ?,2021,2009,2016,2020,,,Films 2005-2022,Année,4
En quelle année a été réalisé Shutter Island ?,2010,2008,2011,2017,,,Films 2005-2022,Année,4
En quelle année a été réalisé No Country for Old Men ?,2007,2017,2016,2013,,,Films 2005-2022,Année,4
En quelle année a été réalisé V pour vendetta ?,2005,2006,2009,2020,,,Films 2005-2022,Année,4
Qui a réalisé The Dark Knight - Le Chevalier noir ?,Christopher Nolan,Asghar Farhadi,Anthony Russo,Todd Phillips,,,Films 2005-2022,Producteur,1
Qui a réalisé Inception ?,Christopher Nolan,Bob Persichetti,Nadine Labaki,Todd Phillips,,,Films 2005-2022,Producteur,1
Qui a réalisé Interstellar ?,Christopher Nolan,Rajkumar Hirani,Quentin Tarantino,Bob Persichetti,,,Films 2005-2022,Producteur,1
Qui a réalisé Parasite ?,Bong Joon Ho,Rajkumar Hirani,Christopher Nolan,Bob Persichetti,,,Films 2005-2022,Producteur,1
Qui a réalisé Les infiltrés ?,Martin Scorsese,Lee Unkrich,Quentin Tarantino,Oliver Hirschbiegel,,,Films 2005-2022,Producteur,1
Qui a réalisé Le Prestige ?,Christopher Nolan,Lee Unkrich,Quentin Tarantino,Andrew Stanton,,,Films 2005-2022,Producteur,1
Qui a réalisé Whiplash ?,Damien Chazelle,Andrew Stanton,Christopher Nolan,Oliver Hirschbiegel,,,Films 2005-2022,Producteur,1
Qui a réalisé Intouchables ?,Olivier Nakache,Christopher Nolan,Makoto Shinkai,Quentin Tarantino,,,Films 2005-2022,Producteur,1
Qui a réalisé Django Unchained ?,Quentin Tarantino,Olivier Nakache,Christopher Nolan,Denis Villeneuve,,,Films 2005-2022,Producteur,1
Qui a réalisé WALL·E ?,Andrew Stanton,Lee Unkrich,Denis Villeneuve,Christopher Nolan,,,Films 2005-2022,Producteur,1
Qui a réalisé La vie des autres ?,Florian Henckel von Donnersmarck,Quentin Tarantino,Joseph Kosinski,Christopher Nolan,,,Films 2005-2022,Producteur,2
Qui a réalisé Avengers- Infinity War ?,Anthony Russo,Quentin Tarantino,Rajkumar Hirani,Christopher Nolan,,,Films 2005-2022,Producteur,2
Qui a réalisé Spider-Man- New Generation ?,Bob Persichetti,Thomas Vinterberg,Andrew Stanton,Christopher Nolan,,,Films 2005-2022,Producteur,2
Qui a réalisé The Dark Knight Rises ?,Christopher Nolan,Thomas Vinterberg,Todd Phillips,Andrew Stanton,,,Films 2005-2022,Producteur,2
Qui a réalisé Top Gun- Maverick ?,Joseph Kosinski,Christopher Nolan,Bong Joon Ho,Martin Scorsese,,,Films 2005-2022,Producteur,2
Qui a réalisé Joker ?,Todd Phillips,Anthony Russo,Christopher Nolan,Martin Scorsese,,,Films 2005-2022,Producteur,2
Qui a réalisé Inglourious Basterds ?,Quentin Tarantino,Anthony Russo,Martin Scorsese,Pete Docter,,,Films 2005-2022,Producteur,2
Qui a réalisé Coco ?,Lee Unkrich,Quentin Tarantino,Christopher Nolan,Joseph Kosinski,,,Films 2005-2022,Producteur,2
Qui a réalisé Avengers- Endgame ?,Anthony Russo,Quentin Tarantino,Martin Scorsese,Florian Henckel von Donnersmarck,,,Films 2005-2022,Producteur,2
Qui a réalisé Your Name. ?,Makoto Shinkai,Martin Scorsese,Thomas Vinterberg,Oliver Hirschbiegel,,,Films 2005-2022,Producteur,2
Qui a réalisé Toy Story 3 ?,Lee Unkrich,Rajkumar Hirani,Thomas Kail,Anthony Russo,,,Films 2005-2022,Producteur,3
Qui a réalisé 3 Idiots ?,Rajkumar Hirani,Christopher Nolan,Asghar Farhadi,Martin Scorsese,,,Films 2005-2022,Producteur,3
Qui a réalisé Capharnaüm ?,Nadine Labaki,Rajkumar Hirani,Oliver Hirschbiegel,Lee Unkrich,,,Films 2005-2022,Producteur,3
Qui a réalisé La chasse ?,Thomas Vinterberg,Oliver Hirschbiegel,Bob Persichetti,Asghar Farhadi,,,Films 2005-2022,Producteur,3
Qui a réalisé Hamilton ?,Thomas Kail,Bob Persichetti,Oliver Hirschbiegel,Christopher Nolan,,,Films 2005-2022,Producteur,3
Qui a réalisé Là-haut ?,Pete Docter,Bong Joon Ho,Damien Chazelle,Christopher Nolan,,,Films 2005-2022,Producteur,3
Qui a réalisé Incendies ?,Denis Villeneuve,Bob Persichetti,Damien Chazelle,Pete Docter,,,Films 2005-2022,Producteur,3
Qui a réalisé Une séparation ?,Asghar Farhadi,Aamir Khan,Makoto Shinkai,Martin Scorsese,,,Films 2005-2022,Producteur,3
Qui a réalisé 1917 ?,Sam Mendes,Olivier Nakache,Quentin Tarantino,Christopher Nolan,,,Films 2005-2022,Producteur,3
Qui a réalisé Taare Zameen Par ?,Aamir Khan,Bong Joon Ho,Damien Chazelle,Thomas Vinterberg,,,Films 2005-2022,Producteur,3
Qui a réalisé Batman Begins ?,Christopher Nolan,Bong Joon Ho,Nadine Labaki,Thomas Vinterberg,,,Films 2005-2022,Producteur,4
Qui a réalisé Dangal ?,Nitesh Tiwari,Bong Joon Ho,Christopher Nolan,Andrew Stanton,,,Films 2005-2022,Producteur,4
Qui a réalisé The Father ?,Florian Zeller,Bong Joon Ho,Quentin Tarantino,Christopher Nolan,,,Films 2005-2022,Producteur,4
Qui a réalisé Green Book- Sur les routes du sud ?,Peter Farrelly,Christopher Nolan,Quentin Tarantino,Makoto Shinkai,,,Films 2005-2022,Producteur,4
Qui a réalisé Le loup de Wall Street ?,Martin Scorsese,Denis Villeneuve,Christopher Nolan,Nadine Labaki,,,Films 2005-2022,Producteur,4
Qui a réalisé Le labyrinthe de Pan ?,Guillermo del Toro,Bob Persichetti,Anthony Russo,Martin Scorsese,,,Films 2005-2022,Producteur,4
Qui a réalisé Spider-Man- No Way Home ?,Jon Watts,Todd Phillips,Christopher Nolan,Rajkumar Hirani,,,Films 2005-2022,Producteur,4
Qui a réalisé Shutter Island ?,Martin Scorsese,Florian Henckel von Donnersmarck,Pete Docter,Christopher Nolan,,,Films 2005-2022,Producteur,4
Qui a réalisé No Country for Old Men ?,Ethan Coen,Denis Villeneuve,Martin Scorsese,Christopher Nolan,,,Films 2005-2022,Producteur,4
Qui a réalisé V pour vendetta ?,James McTeigue,Oliver Hirschbiegel,Lee Unkrich,Christopher Nolan,,,Films 2005-2022,Producteur,4
